customer_id,name,phone_no,email_id,payment_details
1,Daniel Robbins,871-27-9100,smithsamantha@hotmail.com,4171851552751142
2,Elizabeth Jimenez,442-68-7608,beasleyanthony@yahoo.com,4570304578683
3,Ricardo Payne,804-05-5385,thomaschristopher@yahoo.com,869905690169834
4,Michele Jackson,897-20-2919,xsmith@yahoo.com,6011717486396057
5,Karen Raymond,773-19-3533,aaroncarter@gmail.com,30400250921893
6,Jeffery Henson,891-55-2768,pduarte@gmail.com,30404856711658
7,David Mayo,524-49-2802,gallison@hotmail.com,30432111182431
8,Susan Gonzalez,482-67-3036,randersen@hotmail.com,372680833642217
9,William White,797-47-9323,morganjohnson@hotmail.com,344187184477594
10,Andrew Thompson,331-93-4063,cruzjustin@gmail.com,4224928317773939
11,Joseph Le,615-56-1925,agibson@yahoo.com,5393142837951379
12,Jose Taylor,024-20-9580,baileykathleen@yahoo.com,6011098496659952
13,Jon Steele,112-96-2414,tanyasmith@yahoo.com,210063227314667
14,Teresa Benson,311-38-9065,stephanie20@yahoo.com,502045844615
15,Bailey Thompson,753-70-9179,deanberger@yahoo.com,343621819096727
16,Marc Henson,004-60-1143,nmcneil@hotmail.com,060423056468
17,Albert Hahn,705-45-2809,hfernandez@gmail.com,3096549831825075
18,Tony Santos,035-45-4917,weberkevin@yahoo.com,869955336381939
19,Alison Mcmahon,690-43-0283,amanda71@gmail.com,4517483182211470
20,Stephen Yu,728-03-2428,michael76@gmail.com,4119336889077671
21,Nicole Martinez,129-26-7719,gonzalezalexander@yahoo.com,30072724461028
22,Debra Drake,125-72-3045,donna15@yahoo.com,6011118136515115
23,Mrs. Meghan Morris DVM,319-20-7266,teresasullivan@hotmail.com,3528067706577406
24,Jessica Thornton,161-77-9063,mashley@yahoo.com,3158589681065328
25,Erin Castillo,231-03-6877,boydeugene@yahoo.com,3158859456333379
26,Randall Ramos,849-35-1208,bradyjennifer@gmail.com,4617608937525043
27,Mrs. Leah Brown DDS,859-03-2601,ryansuarez@hotmail.com,6011612646282752
28,Andres Arias,793-96-9432,schroedertimothy@yahoo.com,30181725474037
29,Sarah Galloway,838-34-7991,dmoreno@gmail.com,5369533385409226
30,Ronald Greene,073-77-1711,smithwilliam@hotmail.com,3528695869215560
31,Mark Cox,027-43-8971,montgomerylarry@gmail.com,5118354576414501
32,David Carpenter,018-45-2535,emcdaniel@gmail.com,180041721321152
33,Gary Scott,769-82-6773,pattersondonna@gmail.com,3528109917283836
34,Michael Reynolds,107-64-9947,ndixon@hotmail.com,3112851621756456
35,Tanya Joyce,594-88-3794,gnelson@yahoo.com,4295988028590133
36,Jared Williams,317-49-9447,jordan85@yahoo.com,4430814320094
37,Daniel Green,224-23-3280,michealsteele@hotmail.com,210059361208251
38,April Mcmahon,446-80-2526,elizabeth18@yahoo.com,3112597100228745
39,Jaime Cox,476-86-9329,canderson@hotmail.com,6011229908545287
40,Calvin Bishop,699-87-4125,peckrobin@yahoo.com,5150078406934748
41,Hannah Charles,526-80-1481,tasha64@yahoo.com,3337315560580318
42,Kimberly Lee,129-36-6589,kherrera@hotmail.com,4446819613362802
43,Norman Wood,068-98-6194,yperez@hotmail.com,373282374954827
44,Mr. Trevor Jackson MD,625-18-8730,jennifercox@yahoo.com,5556394984437867
45,Scott Morgan,136-99-8992,bonniemoran@gmail.com,6011090852713002
46,Robin Fleming DDS,726-84-3966,johnsonbradley@hotmail.com,4547647464751247
47,Olivia Bartlett,490-25-4849,sarahmarshall@gmail.com,6011202738160239
48,Tina Maxwell,852-08-3895,susangarcia@hotmail.com,4098838746940632
49,Colleen Parker,173-28-2238,carlsoncrystal@hotmail.com,180041531114698
50,Bethany Ford,569-75-4059,thomas25@gmail.com,4724865018276306
51,Sandra Carson,522-64-0461,mario47@yahoo.com,501829491338
52,Samantha Mendez,242-71-4147,acostachristine@hotmail.com,675972911811
53,Kristin Griffith,304-17-0768,usalazar@hotmail.com,3088070996604106
54,Laura Obrien,294-13-6543,dburton@yahoo.com,3088789506884078
55,Victoria Smith,461-97-7731,rgreene@hotmail.com,210028467706641
56,Stacy Chaney,111-59-9566,williamskimberly@gmail.com,503858798120
57,Donald Bauer,222-72-0217,ayerstanya@hotmail.com,6011950454342544
58,Cathy Stewart,510-70-8136,kenneth44@yahoo.com,4207478455598657
59,Rhonda Fox,712-74-6680,hbrown@yahoo.com,30547950991160
60,Karen Baldwin,527-53-0935,andersonalyssa@yahoo.com,30054130411557
61,Vincent Matthews,598-88-9340,austindale@gmail.com,3112806458931036
62,Amy Smith,004-14-1966,jakesimmons@hotmail.com,3088307452424847
63,Rebecca Gregory,828-57-5272,valerielopez@gmail.com,4715876028646942
64,Bryce Dillon,622-77-7863,jackperez@hotmail.com,503813520254
65,Tristan Peters,284-98-0531,fallen@yahoo.com,3158043042389209
66,Willie Haas,135-30-3088,amber14@hotmail.com,5171878839156057
67,Marie Green,857-35-3445,albertjackson@gmail.com,3112647180107846
68,Faith Johnson,088-26-7466,calvinthomas@hotmail.com,347276457710307
69,Elizabeth Price,008-91-6016,gina02@yahoo.com,30064745415711
70,Keith Diaz,103-34-7464,petersonkathryn@gmail.com,4193659336196508
71,Nicole Carter,433-77-2811,trevorbentley@hotmail.com,4958646611572185
72,Elizabeth Luna,040-70-3981,ashleymackenzie@yahoo.com,3528668227578136
73,Ronald Serrano,166-81-8222,sandersmarie@hotmail.com,180013921493487
74,James Callahan,279-85-3910,williamsjason@hotmail.com,5172069249167277
75,Barbara Moore,136-02-6786,reeddennis@gmail.com,3337358853415537
76,Angela Shaw,332-20-9333,sherrywebster@gmail.com,6011309267133014
77,Robert Mccoy,133-12-0480,andrea67@hotmail.com,676370594720
78,Timothy Jones,315-57-1909,fowlerdeanna@hotmail.com,6011891177736622
79,Evan Garrison,557-92-2514,karen19@gmail.com,676358451083
80,Randy Wright,353-48-3543,carmenryan@gmail.com,210059037014430
81,Adam Dickson,579-12-4050,curtisknox@gmail.com,676321726066
82,Rhonda Carroll,670-65-0838,rossjason@gmail.com,4325263071695
83,Robert Reynolds MD,851-24-6798,donaldharris@yahoo.com,4390671909399
84,Alexander Greene,620-20-1966,acooper@gmail.com,4687392277501501
85,Alexander Gill,700-49-1282,flowersmichael@yahoo.com,347121285487456
86,Danielle Grant,270-32-8143,kconrad@yahoo.com,374275311917682
87,Tammy Johnson,211-27-2274,kaitlyn06@hotmail.com,4492618893940
88,Victor Jenkins,302-23-5709,moraleslinda@gmail.com,869919170393988
89,James Houston,631-52-8582,nhoward@hotmail.com,4310107418128815
90,Katie Irwin,295-05-9297,jacob97@hotmail.com,4415806888508588
91,Amber Mosley,641-36-2020,phelpschristy@yahoo.com,869908420613519
92,Laura Nicholson,368-92-9512,christinagrant@hotmail.com,210007728448086
93,Aaron Moreno,073-15-0303,daniel53@hotmail.com,4513487199433682
94,Craig Gonzalez,426-67-0602,martinchristine@yahoo.com,3158879884118564
95,Brian Griffin,368-32-2674,atkinsonsamuel@yahoo.com,3337276734891660
96,Christopher Larsen,847-69-9073,lisa07@hotmail.com,4675072846016892
97,Sandra Potter,632-56-5935,hreed@yahoo.com,5408723130265980
98,Stephanie Page,229-30-8818,medinaalex@yahoo.com,6011460970151601
99,Susan Hernandez,849-23-0907,billconway@hotmail.com,869990118953449
100,Brenda Bradley,808-94-9210,sotojesus@hotmail.com,347388612183542
101,Thomas Mason,594-62-9009,ambergarcia@gmail.com,4634954898997
102,Frank Vance,019-93-9652,nicholejackson@hotmail.com,869913515899718
103,Patricia Jackson,257-53-1871,stoutrobert@yahoo.com,180007361608018
104,John Barker,154-39-9002,markwerner@gmail.com,210008453246406
105,Lisa Bradley,012-25-8735,frankburke@gmail.com,3528565408010402
106,Miguel Braun,473-64-8133,rsimmons@gmail.com,4940578719391989
107,David Garcia,593-23-0318,wthomas@hotmail.com,5554547291542719
108,Brett Smith,352-62-1266,hhernandez@hotmail.com,639008862281
109,Melissa Williams,464-77-0494,fgalvan@yahoo.com,869984919403365
110,James Lam,154-73-6025,jonesmichelle@hotmail.com,501869595428
111,Edward Fernandez,166-43-1230,annette76@hotmail.com,6011945501361307
112,Laurie Garcia,512-86-3004,michelle17@gmail.com,3528581332998968
113,Robert Kennedy,714-62-9850,lewissandy@gmail.com,4508324042920648
114,Larry Scott,143-78-6473,garciajohn@hotmail.com,6011616080052720
115,Kenneth Thomas,665-23-6868,evanszachary@hotmail.com,869935740337883
116,Kenneth Carr,483-36-4441,rmartin@yahoo.com,4699355870325
117,Stanley Hernandez,360-58-8323,leonardteresa@hotmail.com,5530490194850252
118,George Bryant,203-07-4779,maryescobar@yahoo.com,869905603420480
119,Nicole Suarez,555-08-1193,debbie39@hotmail.com,30252215834467
120,Teresa Tapia,230-39-3882,zespinoza@gmail.com,5582876160014609
121,John Pena,524-05-5314,ahenderson@yahoo.com,376287222055856
122,Larry Acosta,205-52-6388,howardlinda@gmail.com,6011478587375124
123,Troy Miller,505-02-5249,christopher76@yahoo.com,3112330575868609
124,Ashley Williams,766-32-5903,petervelasquez@gmail.com,869956599383331
125,Anthony Williams Jr.,673-35-5431,jermaine15@gmail.com,180023353178522
126,Kristen Knox,567-83-0180,briddle@gmail.com,676387315721
127,Christopher Sandoval,621-52-2696,laura96@gmail.com,4485164648168417
128,Joshua Gross,542-75-3515,jeanette73@yahoo.com,6011157101527960
129,Linda Stuart,484-92-6450,taylor55@gmail.com,210096564835845
130,Ryan Benitez,671-89-7839,rodriguezjennifer@hotmail.com,4570738474610364
131,Sarah Lopez,546-08-9551,greenebenjamin@yahoo.com,4985885978554652
132,Megan Brown,506-11-8580,qwatkins@hotmail.com,561282952002
133,Marie Williams,862-69-2971,heatherphillips@yahoo.com,3337040289564993
134,Rachael Lee,135-79-9681,robertwatson@gmail.com,4708736094544760
135,Kimberly Rush,782-45-6737,joseph41@hotmail.com,379861581159983
136,Richard Doyle,436-11-3326,qstanley@yahoo.com,4015330147458273
137,Roy Barnes,379-29-4983,ryanbryant@gmail.com,060422676498
138,Karla Bowers,736-04-9609,simmonsmarcus@hotmail.com,5138705544129354
139,Janet Stevens,454-78-8702,yvillarreal@yahoo.com,30544074456022
140,Steven Roach,266-32-7422,charles63@yahoo.com,30413607406815
141,Rachel Daniels,893-80-6587,edward79@gmail.com,6011430353897138
142,Molly Anderson,701-59-8603,vanessascott@hotmail.com,5547852925349527
143,Michael Ryan,759-17-6143,potterchelsea@yahoo.com,210041550564777
144,Michael Simmons,360-91-9387,shawnscott@hotmail.com,180050426971237
145,Charles Smith,836-22-9015,courtney51@gmail.com,4626925330522073
146,Morgan Romero,333-09-1827,stanleylori@hotmail.com,3337372357365387
147,Robert Johnson,123-73-7114,maria31@gmail.com,869927138600584
148,Dustin Dawson,373-45-0366,crystal72@hotmail.com,4366342400257
149,Nathan Martinez,426-26-0348,pattersonsheila@gmail.com,180027582139742
150,Gregory Owens,481-72-4788,jaredschneider@gmail.com,869919654119487
151,Brittany Warren,321-48-6708,uwood@yahoo.com,6011579558365976
152,Jacob Marshall,381-07-1098,vargastammie@hotmail.com,6011405419221937
153,Cesar Horne,429-59-5460,georgechad@hotmail.com,3528977316143417
154,Billy Sutton,898-28-6874,megancowan@hotmail.com,5197396872235332
155,Gary Cooper,430-57-4197,angelflores@yahoo.com,3096157467617905
156,Anthony Davis,215-11-4993,dneal@hotmail.com,4191076384265
157,Mr. Anthony Brown,667-54-9736,daniel75@yahoo.com,3158535180361650
158,Brandon Vargas,696-03-4710,gomezjames@hotmail.com,6011359756505818
159,Mary Ford,415-67-9918,hwalker@yahoo.com,6011479992420166
160,Steven Campbell,488-22-0975,mark29@gmail.com,3528711576860257
161,William Long,409-36-7117,pamela68@gmail.com,4801614967039
162,Brandy Morrison,816-02-6792,margaret88@gmail.com,4692089642132698
163,James Perez,609-06-5064,patriciaanderson@yahoo.com,5291189674902711
164,Morgan Foster,734-43-3749,stephenfigueroa@hotmail.com,4550209930887206
165,Sarah Franco,191-90-6702,nicholas30@yahoo.com,4197620505885210
166,Tristan Smith Jr.,727-55-3211,charlene11@gmail.com,4323230752640396
167,Diane Williamson,084-86-1161,diazdawn@yahoo.com,3112284332124477
168,Christopher Simmons,845-07-7282,leahhaas@hotmail.com,503844017403
169,Sara Casey,311-96-3196,roberthernandez@yahoo.com,869936474711525
170,James Webb,287-48-9889,ipalmer@yahoo.com,3088182108083820
171,Tiffany Richards,809-11-3636,jessewright@gmail.com,5142174261401286
172,Laurie Reese,121-58-4249,gabriel63@yahoo.com,5225285043531735
173,Mary Mccarty,599-36-1167,aaronmathis@yahoo.com,4105878234254
174,Joshua Sherman DDS,762-95-4476,briansteele@hotmail.com,4826521891721929
175,Matthew Fisher IV,061-31-4228,ladams@hotmail.com,4208785088418296
176,Laura Alexander,716-64-7963,stevenunderwood@yahoo.com,589311019949
177,Kyle Rodgers,437-80-2549,robert63@yahoo.com,6011670519286011
178,Monica Beasley,513-71-4318,jenniferphillips@hotmail.com,30599063631845
179,Donna Moore,336-06-8001,clarklouis@gmail.com,30202387500412
180,Stacy Liu,891-03-5267,michelewhitney@hotmail.com,374427885833056
181,Juan Lopez,613-59-0127,marshallkenneth@yahoo.com,5593782361790657
182,Natalie Lopez,800-45-2067,johnpatterson@yahoo.com,30064914161062
183,Bobby Wells,766-59-1180,dianaweeks@yahoo.com,4559038589870200
184,Ruben Boone,328-79-0272,hugheswilliam@yahoo.com,3096711595869794
185,Susan Ramirez,375-40-9401,garciadavid@gmail.com,30417898762554
186,Christina Atkins,611-85-0768,brownjohn@hotmail.com,4538783873132199
187,Anthony Kidd,552-40-6484,troy56@hotmail.com,4013401561104
188,Rebecca Hood,487-13-5415,lowekenneth@hotmail.com,4609736810663761
189,Michael Brock,076-87-6863,thomasbrown@gmail.com,3528583596624793
190,Brittney Christensen,245-78-8852,angela10@hotmail.com,4360281832497
191,Brittany Vega,625-79-0003,jonesdavid@yahoo.com,869963183520849
192,Xavier Mcbride,813-73-0462,emily89@gmail.com,4121376015194368
193,Christian Williams,509-66-3867,frankvasquez@yahoo.com,376380854347970
194,Carlos Tucker,559-54-1014,owood@gmail.com,4602110735607088
195,James Barker,115-79-5804,colton87@hotmail.com,5179970787014552
196,Ryan Brooks,479-48-1351,brian73@gmail.com,869928141756496
197,Danny Peterson,485-71-6127,david27@yahoo.com,4016517158319
198,Thomas Kim,146-13-8652,wellscynthia@yahoo.com,3088190637308469
199,Emily May,494-58-6502,pbaird@gmail.com,5258480938482926
200,Jamie Frazier,229-74-4052,jessicapena@yahoo.com,5429883033129801
201,Gerald Butler,280-63-4207,justincoleman@yahoo.com,4053547527866
202,Travis Velasquez,126-95-4167,williamsondana@yahoo.com,5135019497417441
203,Danielle Reyes,572-18-8812,tonirobinson@gmail.com,869914999174867
204,Ashley Taylor,252-77-9048,ygallagher@yahoo.com,3112818137648634
205,Susan Oneill,454-68-7981,wbeasley@gmail.com,6011162139722286
206,Sandra Valencia,330-21-0813,gwilliams@yahoo.com,3096865762057870
207,Melanie Thompson,049-86-4859,josephflowers@gmail.com,5294342885791178
208,Hunter Weaver,081-01-1006,rileyshannon@yahoo.com,377118856783795
209,Tonya Ramirez,279-52-9382,benjamin87@hotmail.com,3096181231027340
210,Rebecca Rhodes,127-23-6078,smithkaren@hotmail.com,346955592821308
211,Nathan Anderson,393-06-3632,dylanarnold@yahoo.com,4735094561735736
212,Brandon Mathews,785-39-6209,lesliewatson@hotmail.com,4286018568967466
213,Darlene Davis,090-43-8890,churchtravis@gmail.com,180006149644675
214,Michael Guzman,859-19-4781,estesvanessa@gmail.com,5346698484415206
215,Krista Moon,397-16-8013,tylerschwartz@gmail.com,676331852209
216,Nichole Charles,634-13-2447,sanchezeric@yahoo.com,377971099597095
217,Jacqueline Moore,108-64-2393,hodgeselizabeth@gmail.com,869950965328574
218,Kevin Williams,784-72-1936,jtaylor@hotmail.com,4666370712659
219,Eric Williams,720-68-8447,morrisonjames@gmail.com,4058534817445282
220,Cameron Lopez,214-09-1515,clarkjessica@gmail.com,346652197753313
221,Valerie Hicks,233-97-7761,mcbrideandrew@hotmail.com,6011931846691426
222,Julia Maynard,003-80-6965,terry80@gmail.com,6011783321591443
223,Kevin Spears,440-99-8358,lisasolis@yahoo.com,30529877148603
224,Patrick Phillips,123-62-3681,martinernest@yahoo.com,3158305280462679
225,Jake Ramos,484-61-3790,fitzpatrickkristen@hotmail.com,180086249064545
226,Laura Christensen,406-47-2886,kevinrodriguez@hotmail.com,6011456468622996
227,Kelly Tucker,620-53-8141,townsendtimothy@gmail.com,3088799403517739
228,Stephanie Sanford,897-72-6217,onielsen@hotmail.com,3088038042168012
229,David Bradley,385-34-4786,lmcintyre@yahoo.com,4751030483802914
230,Karen Bray,768-87-4564,gutierrezgregory@gmail.com,30179120777541
231,Jesse Fitzgerald,290-46-4521,adamsmax@hotmail.com,869901189955387
232,Natalie Dean,567-36-5877,anna48@hotmail.com,6011818596591254
233,Justin Fox,620-96-2345,victoriafritz@gmail.com,4096678096824172
234,Edward Cummings,713-62-0531,kwatson@yahoo.com,180050186137193
235,George Wright,495-85-2788,ericcollins@gmail.com,180004537887493
236,Juan Lewis,251-54-9923,jane81@yahoo.com,4215957029488818
237,Olivia Nielsen,740-22-7079,wray@gmail.com,589341781906
238,Kristina Ellis,427-84-4734,vaguilar@hotmail.com,180038224265175
239,Isaac Frye,239-03-7984,frederick07@yahoo.com,341139160802017
240,Sue Hubbard,553-04-4381,piercejames@hotmail.com,6011198788837637
241,Daniel Lopez,887-25-7659,teresa60@hotmail.com,6011192343531637
242,Amy Martinez,565-14-7168,john95@hotmail.com,676281467123
243,Jose Campbell,541-94-5105,richard36@hotmail.com,3096693366623321
244,Christopher Smith,623-35-6297,sarahjohnson@gmail.com,869978206225168
245,Jesse Myers,093-07-5808,lrussell@gmail.com,4266926779977989
246,Mr. John Carter DVM,150-16-0790,zpierce@hotmail.com,5448468157490671
247,Adrian Carroll,583-68-1980,gibsonjeffery@yahoo.com,180068095737044
248,Katrina Lopez,150-78-3682,marygarcia@yahoo.com,639063804897
249,Frederick Ryan,814-18-4206,erica22@yahoo.com,30437358075933
250,Debra Ford,770-14-5504,jcruz@hotmail.com,4736017047647646
251,Shelley Russell,088-47-5894,jonesedward@yahoo.com,30246909973136
252,Joseph Smith,859-19-3295,smithanthony@yahoo.com,6011321248248209
253,Herbert Ramirez,133-80-5981,bonnie34@gmail.com,4492105501542595
254,Michael Chan,859-56-6570,bbrown@yahoo.com,5172522078025867
255,Kathleen Black,132-13-6751,gomezmelissa@gmail.com,30208978370677
256,Brandi Sanchez,189-55-1210,aherrera@hotmail.com,4082166144383702
257,Mary Woods,621-98-2582,catherine20@hotmail.com,30375993959840
258,Collin Banks,514-41-5197,howardrhonda@hotmail.com,869995882970271
259,Frederick Mcgee,728-01-4011,kruegerjennifer@hotmail.com,6011599783388098
260,Carl Padilla,796-72-7686,collinschristina@gmail.com,4758373184944848
261,Kathy Ballard,383-13-7911,janetmorris@hotmail.com,210022974973240
262,Elizabeth Nelson,177-17-9361,vicki29@yahoo.com,869904091721772
263,Shannon Bell,892-90-4042,davidgreen@gmail.com,4954657525729179
264,Kayla Stout,466-02-5294,clandry@gmail.com,210058071746121
265,Dr. Jake Sloan,008-89-5392,prattkristin@hotmail.com,589349399982
266,Samantha Burns,368-19-8471,kylemcneil@yahoo.com,30588438910356
267,Rachel Bush,188-90-1723,rebeccageorge@hotmail.com,210092888415539
268,Chelsea Willis,194-54-9161,carrie67@yahoo.com,4753527325940628
269,John Burton,464-87-1665,christianconrad@hotmail.com,501804832811
270,Kathleen Jones,039-56-1023,palmerrichard@gmail.com,869954821846951
271,Brandon Rogers,543-97-0286,michael25@yahoo.com,3337428077247097
272,Sara Graham,705-03-4450,kathrynmejia@yahoo.com,639059806211
273,Kayla Fischer,331-75-5557,frankchen@hotmail.com,4883468563127276
274,Chad Kane,515-89-5848,juancruz@gmail.com,3337501031437721
275,James Jones,100-27-1193,randysimon@gmail.com,869985959428162
276,Stephanie Perry,572-18-3140,seananderson@hotmail.com,30086703162910
277,Dr. Megan Collins MD,836-63-5477,brownterry@yahoo.com,4416851504383510
278,Matthew Hill,279-85-2504,migueljames@hotmail.com,561298166407
279,Jimmy Valdez,360-01-3486,mark98@hotmail.com,4926324364476892
280,Ian Leonard,156-36-5076,kempalexandra@gmail.com,30289190660327
281,Gary Montoya,463-53-8189,carrillokimberly@gmail.com,3158470415232189
282,Kimberly Franco,165-50-9834,robinperez@hotmail.com,180012018066461
283,April Johnson,892-58-9076,wellsalicia@hotmail.com,630493212736
284,Robert Brown,201-34-8166,briandrake@hotmail.com,589357597881
285,Rhonda Aguirre,051-92-5607,griffinteresa@gmail.com,3158103910266341
286,Katherine Jones,180-22-6514,nunezpatrick@gmail.com,4927229183563227
287,Emily Miller,135-33-4818,olivia60@yahoo.com,3088656673960934
288,Stephanie Hebert,404-04-7940,osullivan@yahoo.com,30338571259785
289,Maria Dalton,690-42-7179,zwebster@hotmail.com,5518935774568639
290,Alexander Garza,755-75-5217,david27@yahoo.com,676187766297
291,Brittney Campbell,271-82-9750,chasetara@gmail.com,30410877926795
292,Gerald Hill,343-92-8097,heather66@gmail.com,5336043811764897
293,Theresa Martin,421-46-9950,bnguyen@yahoo.com,561289721269
294,Emily Todd,864-60-3145,mhayes@yahoo.com,180048672640035
295,Jeffery Herrera,838-50-5539,rushanthony@gmail.com,3158780608981743
296,Karen Copeland,665-02-0413,linda93@gmail.com,30193424323720
297,Lindsay Hernandez,551-68-5510,kimberlyhampton@hotmail.com,4272303496947491
298,Jessica Williams,322-29-6364,igould@gmail.com,30434688648323
299,Elizabeth Elliott,044-99-9214,lesternicholas@gmail.com,210039879148256
300,Melinda Garcia,637-25-5445,raymondfox@gmail.com,4606396544467964
301,Steven Robinson,575-44-0503,todd53@gmail.com,676124922540
302,Jessica Frye,737-93-8543,matthewbrewer@hotmail.com,3528652297011095
303,Elizabeth Hall,835-96-2955,owood@hotmail.com,4731332198650
304,Ann Patel,336-10-9146,kevin86@hotmail.com,374983684639201
305,Lee Bell,177-19-1237,dgeorge@yahoo.com,3096952551771000
306,Kathleen Hayes,628-13-1151,ashleycrystal@hotmail.com,3528072484370941
307,Roberto Turner,449-48-9584,carlos86@yahoo.com,869951148615812
308,Valerie Hull,287-92-1233,powelltammy@hotmail.com,30430525400902
309,Lawrence Snow,489-06-2606,rodriguezricky@yahoo.com,30527367903941
310,Shannon Mann,096-36-9060,joelee@yahoo.com,30136716499328
311,James Robertson,588-51-0541,walkerjustin@gmail.com,5248519158667048
312,Mrs. Sharon Barron,844-22-9887,sarah71@gmail.com,6011260225638364
313,Kyle Kelley,263-62-6816,scottreyes@gmail.com,4209555072914595
314,Elizabeth Nelson,224-49-2837,terri38@yahoo.com,4225982524653
315,William Boyd,251-40-0418,timothyanderson@hotmail.com,346321235001222
316,Gabrielle Chavez,505-87-8742,megan64@yahoo.com,30593821209317
317,Vicki Stevens,072-86-3984,moorestephanie@gmail.com,372843935944234
318,David Jones,731-43-2937,whitakersarah@yahoo.com,370001037888567
319,Lori Stanton,858-37-8116,michael49@yahoo.com,210084841746118
320,Tyler Martin,410-09-0490,zmiller@gmail.com,5431578616649177
321,Gabrielle Miranda,898-55-1131,clarkann@yahoo.com,4273106295958
322,Charles Schneider,336-32-3683,thomasgonzales@gmail.com,869931452130012
323,Hannah Harper,027-68-8860,yharrell@gmail.com,4507189123894942
324,Michael Ramirez,528-40-7407,robert25@yahoo.com,502063049832
325,Anna Fisher,116-62-4935,tbowman@gmail.com,210007619445928
326,Ronald Brown,205-67-7825,johnboyle@yahoo.com,3096437456539363
327,Austin Fox,353-06-5011,kelly80@hotmail.com,4349787954798
328,Shannon Pierce,335-22-8324,vjones@hotmail.com,4135057711004
329,Maria Freeman,559-60-0099,zwade@gmail.com,4034996149857
330,Mr. Thomas Hogan,058-03-0789,sean17@yahoo.com,4873930076712
331,Henry Quinn,036-34-5358,smithmelissa@yahoo.com,3096906320591214
332,Chase Short,435-55-9380,markmaxwell@hotmail.com,5334714347828610
333,Brian Fuentes,844-29-3449,maddoxcynthia@hotmail.com,060411680543
334,John Barnes,735-30-2454,vhogan@gmail.com,6011715052855001
335,Carla Mcfarland,710-41-4109,heathcolin@yahoo.com,869909626563367
336,Robert Liu,113-74-0514,philip06@hotmail.com,4649816688683570
337,Justin Malone,050-40-8232,ashley90@hotmail.com,6011083137804878
338,Autumn Young,379-41-7560,whitemichelle@gmail.com,676368840739
339,Mariah Kaiser,749-64-9076,jenniferarnold@hotmail.com,5163094240083001
340,Richard Blackwell,262-49-3173,michaelhall@hotmail.com,4556291493445550
341,Cody Hunt,810-04-4805,wendyhenry@yahoo.com,3158926320849698
342,Vernon Frazier,876-17-2766,holly18@gmail.com,30468010585472
343,Stacey Lloyd,196-25-5201,cathyyork@gmail.com,869936094759730
344,Barry Johnson,667-07-8005,kylekey@hotmail.com,3088082761669032
345,Mr. Justin Myers,676-02-7600,xmurphy@hotmail.com,30168830932009
346,Taylor Schmitt,618-62-1208,deckermiranda@hotmail.com,373073425116312
347,Carolyn Smith,696-76-6599,hunter63@hotmail.com,6011088899975865
348,Robert Bailey,613-84-7547,hebertchristian@yahoo.com,3088429602628893
349,Scott Solomon,078-15-6871,carterbryan@yahoo.com,3088908668828000
350,Amanda Reynolds,628-67-6218,katherine48@yahoo.com,4702474911044
351,Logan West,834-90-1583,kwebster@gmail.com,30462466083512
352,Kathryn Trevino,433-46-9734,ygreen@yahoo.com,3096568285231978
353,Christopher Thompson,812-10-4163,harrislisa@yahoo.com,30255943057137
354,Paula Wright,458-29-6707,katherineruiz@gmail.com,502010169170
355,Mia Stout,760-02-5093,brownamanda@gmail.com,4808630032904
356,Connor Mack,722-30-4747,hoffmanjohn@yahoo.com,3337014903435286
357,Jennifer Meyer,795-79-8377,munozjames@hotmail.com,3337393598386685
358,Sarah Mendez,288-54-2196,xharris@gmail.com,5299524654157690
359,Grant Adkins,430-04-4655,meghanfuller@yahoo.com,675918116020
360,Kristin Choi,335-96-6774,stephenssteven@hotmail.com,30317918181688
361,Jennifer Flores,829-31-5948,scunningham@gmail.com,4072888499381609
362,Timothy Green,265-69-9147,zacharybrown@yahoo.com,346261883421134
363,Daniel Lee,683-28-0185,matthew01@gmail.com,3528576292992969
364,Gerald Doyle,566-67-9964,katie31@gmail.com,4654356067911377
365,Amy Baker,508-20-6095,farellano@hotmail.com,676286543068
366,Alan Faulkner,400-50-6629,dadams@hotmail.com,4273618814477742
367,Kathleen Davis,721-59-0752,smithchristopher@hotmail.com,5248067637637570
368,Lindsey Barrett,438-88-7657,tanya40@yahoo.com,3528460801706246
369,Brandon Stokes,796-46-6427,smithmary@yahoo.com,30359720443732
370,Angela Burns,667-62-6819,wongjason@hotmail.com,5179241607626870
371,Kenneth Tran,269-86-4599,jenningsmiranda@gmail.com,343826751678016
372,Joanne Smith,649-48-8373,joshua16@hotmail.com,6011653436030597
373,Kristy Fletcher,280-50-1910,qrojas@gmail.com,501802502879
374,Christine Martinez,013-50-4969,michaelgood@gmail.com,4522682551332766
375,Jessica Gates,584-50-3025,millerkenneth@hotmail.com,3088323963824789
376,Cory Collins,130-67-6248,grossrobert@gmail.com,343660720062352
377,Jessica Flores,853-53-0480,obailey@hotmail.com,869941733665090
378,Gregory Sanchez,194-59-5924,bnelson@gmail.com,4371468320504063
379,Jeffrey Smith,424-25-2513,danielberg@gmail.com,5450664467072739
380,Jill Park,063-76-1172,brownbenjamin@hotmail.com,3528162231185955
381,Steven Travis,324-99-0677,kim80@hotmail.com,30271577160857
382,Ashley Ellis,796-39-9144,gbrown@hotmail.com,30238425547437
383,Robert Johnson,769-68-3886,robert13@gmail.com,210025408438987
384,Kenneth Reynolds,561-89-8503,amanda36@hotmail.com,5134358959392549
385,James Whitney,843-81-4301,zhess@yahoo.com,4865875244665502
386,Olivia Mitchell,818-45-4583,ochoatravis@yahoo.com,4791604758425
387,Katherine Perez,637-06-9493,ralphholden@gmail.com,5414239417149773
388,Maria Clark,661-06-7153,melissatyler@hotmail.com,5358127395966516
389,Michael Jones,231-03-7710,morganjoseph@yahoo.com,4979356895483
390,Brianna Wall,208-07-0115,lambertsheri@hotmail.com,4813271349302
391,Timothy Phelps,765-83-4024,michael86@hotmail.com,4558260293130017
392,Michelle James,488-86-2411,dsmith@gmail.com,3158517773633760
393,Jeanette Brady,081-10-1676,miguelfields@gmail.com,501824780487
394,Wendy Hicks,110-52-4152,sbell@gmail.com,210046285296454
395,Larry Kelley,222-80-4329,dcannon@hotmail.com,376035457113092
396,Tammy Williams,603-18-3587,lduarte@hotmail.com,869904320165072
397,Erin Perez,570-20-8503,erinharris@hotmail.com,630497409908
398,Jaclyn Baldwin,685-93-2439,leepatricia@yahoo.com,210005752135884
399,Gary Hernandez,513-18-7520,urivera@hotmail.com,4361750640601
400,Matthew Newman,175-86-7574,ellenpearson@yahoo.com,30342905602611
401,Katie Ellis,326-96-3496,david92@gmail.com,4731555136416162
402,Jeffrey Taylor,300-37-1479,shawn73@gmail.com,6011173132681569
403,Johnathan Jordan,459-95-1768,mcconnellcory@gmail.com,5368397124620092
404,Garrett Simmons,408-02-9342,sharon76@hotmail.com,345177721520484
405,Alisha Shields DDS,530-56-4717,vtanner@hotmail.com,371352349198651
406,Sean Aguilar,765-41-6087,ylevy@gmail.com,4134214499839403
407,Katelyn Hunt,427-10-4341,christina56@yahoo.com,676136122154
408,Andrew Beard,476-49-8685,avilakathleen@yahoo.com,5335510590736016
409,Mr. Jorge Hart,644-22-8737,richardsonryan@hotmail.com,3088467248071425
410,Jason Rivers,409-46-2208,kelly83@hotmail.com,869992505844363
411,Thomas Simmons,811-45-0962,nharrison@yahoo.com,630439365226
412,Gregory Flores,136-28-5791,bgutierrez@gmail.com,5296985493247138
413,Carrie Fox,158-88-9354,autumn07@hotmail.com,869942127030875
414,Lisa Brown,577-25-5690,stephen42@gmail.com,4967138518428843
415,Lisa Warner,827-53-2369,jenniferrusso@yahoo.com,4613782948638
416,James Walsh,056-78-7021,benjamin53@hotmail.com,3158778834074804
417,Brittany Tapia,115-86-8815,kyliejones@gmail.com,30555381016887
418,Nicholas George,620-63-4610,fmcbride@gmail.com,4756141850759978
419,Suzanne Rivera,002-86-6106,mchavez@hotmail.com,5244381483828843
420,Brianna Robles,302-32-3903,johnscott@yahoo.com,4037211987887595
421,James Reid,581-48-6033,wreed@yahoo.com,3337772333162594
422,Wyatt Larson,308-14-2616,angela83@gmail.com,5547542718253990
423,Kurt Leonard,605-40-3694,mitchellreynolds@hotmail.com,3096162227711428
424,Jessica Mills,839-17-7404,sarah78@gmail.com,6011376391535695
425,April Kennedy,083-93-5540,joelbutler@hotmail.com,376489974425150
426,Tammy Morgan,152-66-0125,delgadodaniel@yahoo.com,3096817120048943
427,April Jordan,574-12-3493,cmartin@yahoo.com,210071531674791
428,Christina Griffith,037-47-8768,morabrooke@gmail.com,5193408988443124
429,Steven Skinner,416-35-3452,ian41@hotmail.com,4972536067299189
430,Eileen Giles,384-57-1157,marygraham@gmail.com,30231988934498
431,Justin Smith,176-57-7005,fowleralicia@gmail.com,4290297455100
432,Peter Wilson,569-70-7230,davisdestiny@gmail.com,3112373697702553
433,Holly Ford,014-16-6818,prestonchristy@yahoo.com,3337915267542907
434,Angela Santiago,326-78-8456,xjackson@yahoo.com,5208966041178352
435,Tim Brown,324-48-9651,bthompson@yahoo.com,370978370521428
436,Andrew Garcia,559-69-3764,ryanrobinson@gmail.com,4168727689631388
437,Douglas Brooks,882-63-1335,brittney08@yahoo.com,3088676320465244
438,Christopher Ward,012-40-4470,wrios@hotmail.com,370788026723579
439,Kim Foster,063-51-6652,justin92@gmail.com,379462805544629
440,Peggy Flores,639-49-3701,nallen@gmail.com,370842189017640
441,Jennifer Young,679-02-4340,perezcourtney@gmail.com,6011824891757152
442,Keith Rodriguez,131-36-1205,amckinney@hotmail.com,3528197160917069
443,Ellen Hill,647-69-6088,turnerbryan@yahoo.com,4734285275078923
444,Anthony West,107-65-6241,melissa40@gmail.com,379898740556774
445,Susan Daniel,498-60-6371,erhodes@gmail.com,869934442997870
446,Alexander Patrick,655-89-8158,rsanchez@gmail.com,3112130894597644
447,Jessica Greene,604-02-9242,martinjoel@hotmail.com,869917519699909
448,Robert Montoya,471-37-9619,joshua05@gmail.com,4920643011968431
449,Heather Wang,698-75-3612,alejandro01@hotmail.com,373563782682385
450,Ellen Newton,266-66-5363,mosesbrett@gmail.com,373064657181678
451,James Grant,301-75-6682,xdougherty@yahoo.com,30314231396820
452,Ralph Green,210-43-7601,porteramanda@yahoo.com,30100096456795
453,Ashley Curry,560-24-5728,yodonnell@hotmail.com,6011414051529813
454,Gina Proctor,561-43-9182,lroy@yahoo.com,4550750159759683
455,Amber Stewart,740-17-3943,jose51@hotmail.com,6011463607951377
456,Pamela Allison,263-34-6519,angela57@yahoo.com,30524632752401
457,Jeffrey Dougherty,706-05-2947,robert49@hotmail.com,3088679079331187
458,Daniel Beck,581-27-5309,theresa67@gmail.com,375420167575114
459,Taylor Kim,678-36-5274,mmejia@hotmail.com,4792581924094017
460,Rodney Williams,716-60-9464,shearonald@gmail.com,30311550213875
461,Kenneth Barnes,596-89-4594,mckinneywilliam@yahoo.com,4330913148451724
462,Austin Williams,049-63-5995,yhill@hotmail.com,561212639661
463,Pamela Anderson,804-27-9643,washingtonmichael@gmail.com,6011837802269927
464,Matthew Wheeler,540-83-2153,josephnorris@gmail.com,4636274031282
465,Alex Perry,726-86-4482,xsmith@hotmail.com,3112812774767047
466,Angie Chandler,644-47-2776,tblack@yahoo.com,675957480204
467,Daniel Jones,502-68-5986,sarah76@yahoo.com,869910061219671
468,Virginia Kramer,409-99-3253,lisa53@hotmail.com,869925049032772
469,David Raymond,431-51-2228,meyergail@yahoo.com,180023692545654
470,Karen Wilson,787-76-6803,maryroy@yahoo.com,869988283093728
471,Christine Horton,096-76-2993,patelpatty@yahoo.com,4989958863770406
472,Justin Wheeler,077-49-8442,kbarry@hotmail.com,4864404746960377
473,Holly Camacho,610-64-2754,brianboyer@hotmail.com,3096716823499728
474,Jeanette Pearson,709-90-1081,robertlopez@gmail.com,4674549529277
475,Amanda Ayers,085-07-0374,cbates@hotmail.com,5522209325896814
476,Misty Terry,214-07-8698,dawnwilliams@yahoo.com,639091729520
477,Nathan Fernandez,232-18-4755,schmidtkenneth@hotmail.com,060410668648
478,Ashley Owens,542-84-9136,lisaburnett@yahoo.com,869969621376678
479,Manuel Montgomery,045-33-8112,bcummings@yahoo.com,869928978591693
480,Bradley Klein,368-73-1383,barnettlaurie@gmail.com,3112447001103896
481,Leslie Morris,227-25-7307,jonesana@hotmail.com,30426377049318
482,Martin Taylor,719-94-9465,chrisnunez@yahoo.com,4464669451887288
483,Stephanie James,786-51-4829,santosangela@yahoo.com,4309763631210260
484,Brian Short,183-57-3852,latoyatyler@yahoo.com,4591663458697
485,Elizabeth Flowers,079-39-6982,paulfuller@yahoo.com,180011003547022
486,Travis Myers,168-78-5911,wilkersonkatelyn@hotmail.com,3112632812197522
487,Kathy Hamilton,830-70-5606,qreed@hotmail.com,30448490281289
488,Susan Luna,753-62-3611,gmcdaniel@yahoo.com,5536917069494604
489,Ryan Allen,145-51-2332,joshuabolton@yahoo.com,30363011439490
490,John Rodriguez,006-55-7989,nataliemoreno@hotmail.com,4039243226656364
491,Walter Lawson,311-42-4460,johnkramer@gmail.com,5239037620116669
492,Brian Jones,497-96-0236,nguyenwendy@yahoo.com,30213197150280
493,Matthew Giles,563-19-9957,sosaallen@hotmail.com,4802630608050221
494,John Williams,249-85-7726,robert30@yahoo.com,869938230462898
495,Caitlin Garza,733-52-1517,howardjerome@gmail.com,676312218248
496,Jordan Gonzalez,736-56-4987,xbishop@hotmail.com,4027853695780
497,Edward Butler,419-48-4896,derrickgilmore@hotmail.com,30359180017596
498,James Young,434-53-2237,riverabrittney@gmail.com,180053065567647
499,Terry Miller,134-21-9035,rlane@gmail.com,4711942645226031
500,Thomas Harper,439-32-4792,juliahill@hotmail.com,6011784444621422
501,Amy Collins,768-58-7209,qthomas@hotmail.com,869923791745568
502,Joy Franco,027-48-5692,michellepena@hotmail.com,4029507082604532
503,Michele Calderon,212-05-1319,daydiana@yahoo.com,4981305396308
504,Nicole Mcclain,479-38-0157,sanchezangela@yahoo.com,869969861528160
505,Dylan Alvarez,629-35-8152,ewaters@yahoo.com,4479796045040869
506,Amy Humphrey,564-49-3195,qbell@yahoo.com,4749163242478190
507,Kelly Reid,208-19-2163,jacksonjulie@hotmail.com,30530159525930
508,Mark Mendoza,097-51-3101,elizabeth31@yahoo.com,4876132855312
509,Randy Turner,897-62-8180,kelly13@yahoo.com,869919111871084
510,Ana Meyers,175-94-3423,tommy83@hotmail.com,4763112539255531
511,Virginia Hopkins,594-36-7786,ealexander@gmail.com,869931110824147
512,Christopher Martin,192-36-0695,howellfrank@gmail.com,4078378334025
513,Lindsay Wiggins,336-09-9977,heidi81@hotmail.com,347818381125324
514,Diane Vaughn,123-90-3390,tsantiago@yahoo.com,4992435851287300
515,Sarah Boyd,060-72-2606,joneslarry@gmail.com,30171707178888
516,Selena Hickman,105-59-8872,johnathan90@gmail.com,6011813446818684
517,Dawn Evans,725-89-5634,woodstanner@yahoo.com,30407343726932
518,Brandi Kennedy,603-78-0190,oscarcummings@gmail.com,340909529435969
519,Fernando Stuart,837-50-7335,lschaefer@hotmail.com,345724278849269
520,Dana Harding,567-77-6280,taylorbrown@hotmail.com,30573307320051
521,Christopher Haney,389-68-2847,dpowers@hotmail.com,5409223200002016
522,Susan Brown,728-75-4569,robinsongregory@hotmail.com,30213998278686
523,Jason Scott,038-98-7170,breanna49@hotmail.com,6011658035520500
524,Paul Boyd,678-17-5974,michael82@gmail.com,30028143972045
525,Raymond Chambers,260-53-2574,watkinsanne@gmail.com,869962580871268
526,Meagan Harris,106-61-7942,angelaibarra@hotmail.com,869944535305048
527,Mary Hall,317-86-2104,mariarichardson@yahoo.com,3112472526176987
528,Ruth Wilson,130-40-6755,ktaylor@yahoo.com,6011756654331702
529,Kristin Fitzgerald,657-91-8733,andreaberger@gmail.com,3337340235274881
530,William Best,674-64-6617,moonwilliam@gmail.com,4757299704313357
531,Amy Esparza,024-37-4107,cunninghamkenneth@gmail.com,374271444995786
532,Jessica Barry,406-96-9530,amyross@hotmail.com,373293365494764
533,Melissa Conrad,125-29-9363,zking@hotmail.com,869991399669001
534,Alicia Hill,031-29-2247,armstrongjohn@hotmail.com,210024353050376
535,Terry Perkins,804-33-5758,ldavis@hotmail.com,6011039080261979
536,Judith Henderson,654-32-6419,uholt@yahoo.com,346274207042866
537,Alexandra Velasquez,769-50-4411,timothy16@gmail.com,341684395520256
538,Sean Warner,744-57-9982,dominic28@hotmail.com,589386867305
539,Andrew Jones,746-48-6072,patrickedwards@yahoo.com,5431698465876000
540,Jill Hernandez,829-52-6798,daniellemccullough@gmail.com,6011761998196472
541,Pedro Smith,073-65-7333,maldonadobrittney@yahoo.com,3096614259769286
542,Mr. Bryan Ryan PhD,767-07-0869,morenocrystal@gmail.com,6011989009034966
543,Bradley Alvarez,254-88-8198,barretttara@gmail.com,6011662821877397
544,Vanessa Tate,598-20-3363,robertkelley@yahoo.com,4201947653051
545,Jamie Jackson,093-23-8004,mary73@gmail.com,503851095979
546,Chelsea Pace,168-95-3168,kbailey@yahoo.com,639051917610
547,Sharon Martin,514-25-2004,sydneyjones@gmail.com,30257576842850
548,Andrew Butler,839-52-6042,youngbrett@yahoo.com,6011095833904992
549,Annette Phillips,148-09-5741,williamsamy@gmail.com,3158239488163286
550,Robin Reed,607-10-5549,johnathanlong@hotmail.com,869991754533248
551,Sarah Simmons,466-18-4138,lee49@yahoo.com,561298672271
552,Logan Ryan,538-66-0441,david49@yahoo.com,6011389270053771
553,Daniel Jenkins,376-69-8455,anthony56@hotmail.com,6011387981078491
554,Philip Murray,331-02-8972,donna31@gmail.com,30540501347511
555,Vanessa Perez,016-10-4729,brooke53@gmail.com,30015811683624
556,Kayla Johnson,486-07-0422,kayleeroth@hotmail.com,4143101124752052
557,Phillip Underwood,565-65-9039,proctorjoshua@gmail.com,4233870118997813
558,Meghan Michael,285-57-4357,mary33@hotmail.com,4328319172590
559,Shannon White,685-41-6393,weaverrenee@hotmail.com,3337841480266894
560,Anthony Smith,880-45-8531,roycruz@gmail.com,374731756471221
561,Brooke Keller,754-65-9786,rcook@hotmail.com,4408954226495370
562,Andrew Lopez,615-35-6006,mitchell67@gmail.com,3096086688326758
563,Julia Smith,237-99-9985,rodriguezdeborah@yahoo.com,4194585914756893
564,Jessica Christensen,041-52-4238,ortegadavid@hotmail.com,4626692514373
565,Pamela Dean,016-58-4386,gregoryferguson@hotmail.com,676230759521
566,Eileen Matthews,669-32-3626,omartinez@yahoo.com,345493396004799
567,Jessica Hudson,815-10-3011,andersonkristen@hotmail.com,4128320421649634
568,Megan Cox,455-84-8421,vgreen@yahoo.com,4730978155725050
569,Krista Mitchell,170-46-8102,caldwellwilliam@gmail.com,869908034245518
570,Joy Mathis,515-93-5505,edwardramirez@gmail.com,5582587581682292
571,Alexander Mccullough,257-39-3629,stoneanthony@gmail.com,30099134065446
572,Denise Thomas,820-55-8685,lyonsleah@yahoo.com,4987284430694611
573,Anthony Barrett,616-19-2059,aaron68@hotmail.com,3096271356870325
574,Leslie Carter,428-37-0545,tammy41@yahoo.com,30215054399843
575,James Carlson,136-74-3911,reynoldssarah@hotmail.com,5404800403340866
576,Ryan Chavez,403-78-7380,mwells@gmail.com,4791145112561
577,Austin Smith,875-85-9179,katie93@hotmail.com,4519611490355
578,Lauren Ross,276-49-2759,irichmond@hotmail.com,3337017253084695
579,Julie Johnson,042-48-9929,dawn51@yahoo.com,344797142486212
580,Priscilla Oconnell,864-87-7355,shawnporter@hotmail.com,501885366671
581,Lisa Mcguire,278-47-2483,carterrobert@gmail.com,373963312457482
582,Alexis Armstrong,178-23-6460,iherman@gmail.com,4493282832098628
583,Melissa Miller,785-27-9390,fhammond@gmail.com,378749395246099
584,Emily Barber,827-45-1424,krivers@hotmail.com,4586433520776
585,Dr. Belinda Macias MD,887-14-4630,matthewross@hotmail.com,869912131738953
586,Trevor Duran,744-28-6084,hharrison@yahoo.com,30253504381582
587,Rachel Novak,107-62-9544,rebecca96@yahoo.com,3337303864092586
588,Dr. Jane Atkins,516-12-8631,martinezjonathan@gmail.com,375889557323857
589,George Mcdonald III,577-67-6683,caseymccoy@yahoo.com,5306315298490584
590,Amanda Cortez,533-58-9287,tlawson@hotmail.com,502044063621
591,Shane Myers,064-04-9017,michelle72@hotmail.com,4982652026415
592,Brooke Mckinney,708-37-7428,williamaguilar@yahoo.com,5540720073277419
593,Tammy Lee,059-57-2899,ymurray@hotmail.com,561218882661
594,Janice Mcdonald,613-97-4888,mariah54@gmail.com,4249713596608
595,Aaron Brock,763-16-0210,wvillanueva@yahoo.com,4741103744432426
596,Sarah Williams,724-35-2465,martinkristina@yahoo.com,869973229222268
597,Gabriel Vincent,745-03-6373,amytodd@gmail.com,3528583767445754
598,Kelly Vaughn,832-95-4228,vmedina@yahoo.com,344913190114024
599,Juan Medina,718-55-5326,nicole95@gmail.com,4488904026310
600,Roberto Chavez MD,566-44-2263,ricky12@gmail.com,869929954664835
601,Steven Schroeder,116-77-5552,xcastillo@hotmail.com,4122028944104
602,James Knight MD,013-97-1343,anita45@gmail.com,4367187754095721
603,Heather Blackburn,788-93-6419,joshua53@hotmail.com,4771577531568075
604,Jesus Anderson,613-51-2610,thomas93@hotmail.com,503803518201
605,Danny Thompson,075-32-6125,jacob30@gmail.com,30068638684309
606,George White MD,821-90-4458,monicastone@hotmail.com,30112334934798
607,Eduardo Davis,173-10-0812,jaclyn66@hotmail.com,4053105184695877
608,Susan Rojas,219-82-0494,harry70@gmail.com,676319366867
609,Manuel Miller,331-95-3346,delacruzcorey@yahoo.com,4739180180118
610,Diana Krueger,636-30-2295,jamescarpenter@gmail.com,4674315375533741
611,Robert Kim,525-81-3165,saraparrish@hotmail.com,180022894191119
612,Patrick Curtis,432-40-0637,llee@yahoo.com,6011690727445167
613,Jasmine French,883-90-6953,jgarcia@hotmail.com,180073085719622
614,Regina Bennett,844-33-1416,riverashannon@gmail.com,5116628611799923
615,Stephen Kelly,667-34-1558,michaelgarcia@yahoo.com,180069837102836
616,Rodney Fernandez,274-16-5766,christiancarr@hotmail.com,3112273433688795
617,Christopher Bryant,079-21-3555,martinsteve@hotmail.com,503864153492
618,Jason Wade,041-30-0074,lisaramos@yahoo.com,676267254677
619,Margaret Shaw,063-90-5259,lmeyer@yahoo.com,639023787943
620,Jennifer Greer,891-88-4927,tharrison@yahoo.com,4746721711970
621,Jesse Miller,705-63-4789,wsmall@yahoo.com,3528437726722045
622,Teresa Wells,147-25-1057,taylorkramer@hotmail.com,4272169742769934
623,Victoria Harmon,024-49-5999,stewartlaura@hotmail.com,3158854216297808
624,Tara Thompson,278-93-9867,ycaldwell@hotmail.com,210095248423697
625,Mark Silva,483-83-4668,vhaney@yahoo.com,561231878290
626,Eric Kelly,836-56-5006,oconnellmonica@yahoo.com,370573326672787
627,Maria Acosta,501-06-5563,kenneth90@gmail.com,4099274034437009
628,Ashley Lynch,708-89-4560,gardnermichael@hotmail.com,4169163952889
629,Kenneth Baker,465-29-5545,kjones@yahoo.com,6011347097728785
630,Joseph Bryant,880-96-5422,fsantana@yahoo.com,30236277695601
631,Ethan Benson,651-41-0184,matthew91@yahoo.com,3528905808584178
632,Raymond Sanders,667-67-0356,oshaw@yahoo.com,6011267540457339
633,Raymond Miller,810-36-8144,kjones@gmail.com,30247813791200
634,Kathleen Harris,431-88-1115,marshallbrian@gmail.com,3158214097634449
635,Anna Reed,709-39-7328,wjames@hotmail.com,4925174367309447
636,Christina Edwards,567-45-8616,erichill@hotmail.com,30368881526771
637,Daniel Phillips,674-74-6104,yzimmerman@hotmail.com,3088335547895564
638,Brittany Johnson,622-85-3151,hleon@gmail.com,5492619974170558
639,Hector Perez,272-69-4952,smithbrandy@hotmail.com,5511930954269345
640,Justin Sandoval,071-69-7954,snowlee@yahoo.com,4392375018063
641,Edward Norman,641-48-6426,pedwards@gmail.com,4110837676785
642,Reginald Yang,084-30-8147,ericksonmeghan@yahoo.com,3337391038391703
643,Debbie Cole,873-35-8447,gregg47@gmail.com,3528713029667503
644,Heather Jordan,474-12-3272,samuel49@yahoo.com,4744849233325920
645,Kristin Kelly,091-99-5414,keith53@yahoo.com,3337796492908505
646,Jasmine Alexander,284-09-9435,whancock@yahoo.com,30200812128254
647,Kim Lyons,894-80-6925,narmstrong@hotmail.com,4386902869253
648,Heather Dixon,385-47-8390,uwilliams@hotmail.com,376154438165889
649,Tyler Hart,257-44-3720,nicole29@yahoo.com,373035166220728
650,Dylan Baker,160-52-0723,smejia@gmail.com,4851676111069620
651,Lori Wu,006-55-5601,nicolas94@yahoo.com,180047728863013
652,Sherri Palmer,127-50-3875,laurarobinson@yahoo.com,639001016273
653,Ariana Moore,263-30-8416,robert02@yahoo.com,3337248142159345
654,Trevor Baker,347-53-8346,mrichards@yahoo.com,3528235090552554
655,John Hester,702-82-6939,susanwoods@yahoo.com,4059476173986
656,Justin Nelson,727-68-5039,adrienne15@yahoo.com,3088028239787054
657,Claudia Parker MD,537-63-4133,ulittle@hotmail.com,3088888528181776
658,Stephen Bird,232-06-4917,lambkaren@yahoo.com,6011960638354927
659,Kevin Taylor,611-52-5014,daniel77@hotmail.com,589386121927
660,Daniel Hernandez,659-10-8821,rodriguezjackie@gmail.com,4687661677605363
661,Mr. Robert Underwood,772-89-9812,zdougherty@gmail.com,4224256207384
662,Sara Hernandez,531-42-0322,hpadilla@hotmail.com,3096144650232320
663,Megan Nichols,147-77-0263,ariana89@gmail.com,3528815526667603
664,Ruth Morris,276-51-6209,aharrison@hotmail.com,30395797960380
665,Sarah Hernandez,446-29-1884,sharon41@gmail.com,3096253602574554
666,Antonio Johnson,891-64-4482,aliciaboyle@hotmail.com,4453303295585535
667,Heather Martin,847-88-9543,griffincarolyn@gmail.com,869995577218606
668,Eric Ortega DDS,091-40-3575,toni93@yahoo.com,3088932320477568
669,Lacey Moore,433-72-7152,andrew90@hotmail.com,6011127261701747
670,Melissa Torres,328-27-4072,tracygonzalez@gmail.com,4979428504279
671,John Thomas,888-69-6095,timothyperkins@gmail.com,379458487982251
672,Scott Porter,347-63-4003,jared72@yahoo.com,4191161333938
673,Latoya Sims,311-75-0830,mark97@yahoo.com,869945723920555
674,Bryan Dixon,145-44-5398,orozcocolleen@gmail.com,4761961699441147
675,Frank Hill,425-97-3420,claudia09@hotmail.com,5303685109306515
676,Rebekah Brown,426-83-0238,stonedonald@yahoo.com,4499933293534956
677,Kevin Montgomery,246-28-2254,farmernicole@hotmail.com,4904319415190233
678,Mary Lloyd,118-54-1791,andersonashley@gmail.com,4227263270241030
679,Ronald Randolph,606-56-3395,raymond97@yahoo.com,30523911457856
680,Laurie Long,256-25-8366,ryan52@hotmail.com,4276348300662204
681,Brandi Chase,814-98-0986,jennifer64@yahoo.com,30557023633681
682,Jennifer Scott,147-73-0939,gonzalezbrittany@gmail.com,5327662077420869
683,Robert Hayes,205-37-8062,austinwilliams@hotmail.com,6011579956433368
684,Wendy Gregory,164-20-9688,vmorris@hotmail.com,180056551636164
685,Gina Scott,440-32-7611,brendaparrish@hotmail.com,30497808946364
686,Kimberly Ryan,225-59-3374,colonolivia@gmail.com,344981525175945
687,Carol Thompson,514-92-3931,kellypatricia@gmail.com,373187286293752
688,Kayla Stafford,182-79-7238,matthewestrada@hotmail.com,345782972581133
689,Daniel Norman,863-59-5212,moralesjustin@gmail.com,373404496155105
690,Robert Ho,713-10-3188,elizabethstone@hotmail.com,502089723923
691,Christian Robbins,898-71-2279,michaelpalmer@hotmail.com,4686787340309207
692,John Moran,203-66-9862,amyjohnson@gmail.com,4526821151233000
693,Kayla Li,365-14-3517,andersonchristopher@yahoo.com,3528714421069538
694,Jasmine Harrington,591-74-3324,tara76@yahoo.com,6011907620246017
695,Michael Gibbs,418-05-8639,xfitzpatrick@hotmail.com,180095239276126
696,Lauren Roberts,390-14-5523,ycarter@yahoo.com,3158411846056557
697,Heather Robinson,066-82-1945,thomaspratt@gmail.com,5325565502950966
698,James Williams,239-66-7728,jessicaferrell@yahoo.com,30360183516469
699,Christine Brown,062-27-5577,harringtonbriana@hotmail.com,6011648688469071
700,Joshua Barnes,597-49-6425,carol04@gmail.com,4260674257494
701,Sydney Stewart,056-95-5862,znelson@hotmail.com,4441915929378
702,Suzanne Ramos,336-02-2653,khernandez@gmail.com,180067149890296
703,Tanya Oconnell,783-75-1134,tmiller@hotmail.com,343422030346417
704,Darius Beck,100-54-0959,anthonyperez@gmail.com,6011823428986763
705,Andrew Fuller,768-07-6388,kclark@gmail.com,3112910494192379
706,Anita Rodriguez,505-61-4862,karen79@yahoo.com,3096241080112948
707,Nathan Wood,748-71-9849,lmorales@hotmail.com,3112269777017963
708,Cassandra Moran,190-75-0843,miranda01@gmail.com,30578677783671
709,Preston Hawkins,317-80-6004,ramosdaniel@yahoo.com,589374607689
710,Brett Mills,630-42-8664,ashleyford@yahoo.com,869911075981355
711,Daniel Chapman,062-25-2692,beltranpeter@yahoo.com,3096046641295441
712,Robert Williams,258-41-8957,morenomorgan@hotmail.com,5371512374377814
713,Margaret Baird,606-48-5250,hfrench@yahoo.com,3096550310945301
714,Sharon Smith,780-31-2370,keith33@hotmail.com,869918516683516
715,Yvette Torres,841-53-8284,justinharris@hotmail.com,3096535105357085
716,Eric Hensley IV,788-23-4946,michael75@hotmail.com,3528268712885763
717,Michael Kent,615-60-8498,robertssarah@yahoo.com,6011068224671017
718,Robin Smith,616-98-0696,chelseaanderson@hotmail.com,869970104887785
719,Katie Cooper,105-64-2464,martinezkatherine@hotmail.com,5373845646426904
720,Stephen Smith,104-43-2194,lopezchristine@hotmail.com,30200862888518
721,Mariah Miller,014-61-1406,nmorales@yahoo.com,4028059761970009
722,Sarah Perry,302-91-2607,april28@yahoo.com,4511623019491706
723,Madeline Smith,578-10-6101,gmcmillan@gmail.com,6011283252164351
724,Erica Clarke,072-35-6524,wsnyder@yahoo.com,344156625432690
725,Rebecca Phillips,727-55-9643,petersonashley@yahoo.com,3528913859805294
726,Jodi Vasquez,791-52-7615,joshua76@hotmail.com,346202107084969
727,Jennifer Carroll,764-01-8430,mitchelljoseph@hotmail.com,4776758403502500
728,Hunter Rodriguez,140-37-6068,riosmichael@gmail.com,4048647186361113
729,Kelly Thomas,035-92-2706,kathleenhudson@yahoo.com,4578572896547
730,Susan Kim,339-24-9698,wileyvalerie@yahoo.com,3158417798145736
731,Troy Ryan,532-21-1740,jasonmunoz@hotmail.com,5489059646031315
732,John Schmitt,329-08-3511,singhcindy@yahoo.com,210012808989397
733,Jonathan Smith,714-87-2619,teresasanchez@gmail.com,869995036402221
734,Shannon Guzman,024-32-6496,ryanhaley@yahoo.com,630489359319
735,Richard Gomez,581-12-4772,dhill@gmail.com,4899448566613
736,Diane Gibbs,470-61-6969,hernandezdebra@yahoo.com,30495041169935
737,Christopher Owens,511-08-1409,acook@hotmail.com,4582609590230
738,Belinda Shields,010-25-4661,gilbertdeanna@gmail.com,4433562957524570
739,James Nelson,485-89-5223,barrjoshua@hotmail.com,5433859401646646
740,Antonio Rowe,797-30-7969,hsmith@gmail.com,180036855495806
741,Andrew Spears,417-40-1443,taylorpatrick@gmail.com,4136437298556856
742,Stephanie Thomas,150-83-6012,christophercarter@yahoo.com,4121247629867378
743,Gregory Moore,757-96-9435,wtorres@gmail.com,4504928467783
744,Sandra Myers,225-63-4634,wigginsnathan@yahoo.com,180054148187403
745,Dylan Butler,276-69-9570,daniel13@yahoo.com,346909366389992
746,Alyssa Bautista,595-53-1527,dgraham@yahoo.com,3158468753917817
747,James Valencia,865-87-0515,shannon19@hotmail.com,4962058592646968
748,Tracy Bowman,822-40-2740,amber22@gmail.com,676272520591
749,Mr. Roy Miller,304-57-6336,xstewart@yahoo.com,210068359357582
750,Brandy West,098-77-1840,jonathan48@yahoo.com,5497284845985232
751,Tiffany Berg,675-11-5955,pearsonkyle@yahoo.com,180057796037119
752,Ian Jackson,889-41-7538,michaelrobinson@gmail.com,6011975091930310
753,Kristin Campbell,044-34-9320,frankjackson@hotmail.com,4667084510017
754,Susan Johnston,083-74-6269,vazquezpatricia@hotmail.com,3096389393157751
755,Julia Hess,675-03-0136,shelbyblack@hotmail.com,4259013527907714
756,Amy Moore,748-15-7282,gbrewer@yahoo.com,4611117685107
757,Shannon Stewart,101-57-2868,fmoore@yahoo.com,30054978815893
758,Sean Lane,410-19-4667,brianna33@yahoo.com,6011268828914926
759,Jake Evans,396-30-7048,cynthiaharris@gmail.com,501888581482
760,Zachary Jones,555-51-4915,julia89@yahoo.com,4944897686635
761,Crystal Miller,617-86-1655,jason50@gmail.com,4638057046020089
762,Amy Mendoza,525-27-4916,wcharles@gmail.com,3096035909915154
763,Jennifer Powers,228-44-1972,fordbrittany@yahoo.com,3088663154207603
764,Robert Dickson,295-87-7769,renee02@hotmail.com,6011604448648140
765,Alicia Griffin,464-77-3643,oscar40@hotmail.com,347924851797251
766,Anthony Roberts,569-09-0945,waynepalmer@yahoo.com,869983529995877
767,Christina Craig,345-79-2092,williamvasquez@gmail.com,869922999113389
768,Monica Mccall,169-76-3252,newtoncharles@gmail.com,4303485352526122
769,Cody Smith,643-28-3341,robinsonisaac@yahoo.com,3337805359223690
770,Lisa Lamb,238-38-3968,wilsondavid@yahoo.com,210004348282359
771,Daisy Armstrong,014-38-6578,rgomez@hotmail.com,4319700768930
772,Joshua Harding,283-31-8633,hgraham@gmail.com,30520463652637
773,Jennifer Myers,325-52-6575,brianbrown@yahoo.com,3158402082446388
774,Wendy Stein,526-52-6951,rdickson@yahoo.com,180076939009462
775,Jeffrey Cameron,050-99-4125,anncarr@hotmail.com,4447948195266583
776,Jennifer Crawford,005-46-8241,williamsjessica@gmail.com,4404267299107739
777,Jennifer Crawford,575-64-0098,adamthompson@hotmail.com,6011934442342550
778,Teresa Alvarado,349-39-4282,jenna03@hotmail.com,4968272580789441
779,Jesse Meadows,676-70-7439,melissa98@gmail.com,180069858358762
780,Sheryl Moore,722-11-8581,jennifer31@gmail.com,343724549113950
781,Brooke Rose,604-60-0895,jamesreid@gmail.com,371570838808619
782,Haley Matthews,204-26-7112,cbush@hotmail.com,639014228717
783,Mario Brown,381-61-3080,davistracy@gmail.com,30310394684200
784,Amanda Wells,242-13-2945,josephgonzalez@yahoo.com,869993205220979
785,Jason Clark,565-02-6082,edward66@yahoo.com,4166757488197
786,Casey Walton,574-56-6719,ttate@hotmail.com,30437264743558
787,Jacqueline Campbell,712-43-9369,knightjamie@gmail.com,869955322078796
788,Carla Murphy,565-67-3526,julieperez@yahoo.com,4509152551596452
789,Shawn Shelton,861-41-6750,diazheather@gmail.com,6011669562766499
790,Alexander Martinez,021-64-3413,williamjames@yahoo.com,5571932834160550
791,Kathy Morgan,287-21-1517,grossrobert@hotmail.com,180028598451147
792,Kayla Jackson,378-11-4837,olester@gmail.com,4738060207801
793,Mark Morgan,097-12-3598,hector10@hotmail.com,676289289057
794,Natalie Arnold,012-59-4585,epeterson@hotmail.com,4394907312840269
795,Laura Mason,138-44-0038,trichards@yahoo.com,3528089980551105
796,Chad Crawford,074-78-1780,antonio45@yahoo.com,4440391216389588
797,Steven Ortega,525-94-6486,isaachorton@hotmail.com,4801144977294528
798,James White,238-23-3994,melindalucas@yahoo.com,639010569049
799,Brian Lee,164-99-3341,heatheredwards@hotmail.com,589341283960
800,Jessica Weber,694-11-0825,qlee@gmail.com,3528249812624906
801,Cynthia Davila,484-94-8531,jamiegutierrez@gmail.com,4684329936360
802,Melissa Richards,791-03-9475,tclarke@hotmail.com,639007319549
803,Stephanie Nelson,701-34-3182,michaelnunez@gmail.com,3528669771318986
804,Barbara Diaz,014-84-6994,nancy15@gmail.com,4116158553692194
805,Michelle Smith,576-20-4213,brendan69@yahoo.com,869960101655947
806,Sarah Davis,700-72-2583,vargasjonathan@gmail.com,869931131694156
807,Jake Mcclain,577-76-5861,sarah78@hotmail.com,180035495299867
808,Justin Jones PhD,690-54-5270,amanda02@hotmail.com,3337538407570180
809,Roy Molina,174-44-0295,ohernandez@gmail.com,4039257440467531
810,Ryan Berry,033-18-0324,clarkantonio@gmail.com,347500011212348
811,Nicole Smith,118-48-0424,othompson@gmail.com,30128671114836
812,Martin Woods,029-33-4421,nathan01@hotmail.com,180097738924461
813,Anthony Kelley,826-04-2181,smithheidi@gmail.com,180015904794047
814,Audrey Allen,653-93-6491,jperez@yahoo.com,6011939970934264
815,Tracy Jefferson,275-84-0235,wbrooks@hotmail.com,210087971605210
816,Tara Allen,533-13-9962,wayne57@gmail.com,869940666565350
817,Christine Preston,668-74-7174,staylor@hotmail.com,4267815345385208
818,Lauren Nichols,348-98-5285,ntorres@yahoo.com,6011365988396884
819,Jeffrey Miles,336-78-7259,omendoza@yahoo.com,4633557327206
820,Ethan Horne,172-84-1802,iwalker@yahoo.com,869953166900480
821,Philip Crawford,852-03-3232,patriciadominguez@yahoo.com,4257780369346
822,Richard Ferguson,854-92-5632,ewilliams@gmail.com,180002203353550
823,Luke Adams,885-39-0028,daviesjessica@gmail.com,4013437683492
824,Scott Smith,025-63-3142,markcollins@hotmail.com,3096637341878567
825,Kathryn Jackson,175-69-7580,kwoods@gmail.com,3112238369177386
826,James Dunn,200-66-8321,john54@gmail.com,210026291407691
827,James Rodriguez,444-51-3072,anna06@hotmail.com,30411624061449
828,Heather Potter,173-79-7910,gatespatrick@yahoo.com,30545815639149
829,Roger Vincent,757-38-8193,stewartashley@gmail.com,4428360243708223
830,Ryan Johnson,248-96-7941,xfitzpatrick@yahoo.com,630411927985
831,Miss Gloria Lee,479-51-6521,larry69@yahoo.com,180031583160053
832,Samuel Walker,647-31-9676,pamelacarpenter@yahoo.com,4112646414929
833,Roger Ford,888-53-2429,ioneal@hotmail.com,6011163301346946
834,Eric Miller,513-28-4984,katherineschneider@gmail.com,6011724236372560
835,Matthew Young,153-62-9665,lopezjennifer@gmail.com,6011957357161590
836,Adam Friedman,552-03-3884,jacquelinesutton@gmail.com,6011976508477101
837,Angela Collier,025-68-7107,levinebrandon@yahoo.com,4187222176130398
838,David Ross,057-17-4818,matthewmcbride@gmail.com,3528056467961859
839,Timothy Ball,223-04-9162,cbrady@hotmail.com,6011523834607942
840,Daniel Davis,261-95-5374,vincent50@hotmail.com,5468686883583908
841,Michael Powell,591-86-4006,graybianca@yahoo.com,4185877678541095
842,Kara Baker,243-40-5277,louis60@yahoo.com,5140293863516861
843,John Gutierrez,381-13-8591,adamflores@yahoo.com,4176065967352
844,Thomas Stevens,606-54-8385,jon06@gmail.com,370449372001538
845,Corey Washington,574-63-1548,robinsonchelsea@yahoo.com,4913859710019248
846,Raymond Huber,601-58-5831,bryantorres@yahoo.com,060476112101
847,Kathryn James,848-85-5872,bowentheresa@hotmail.com,060452118494
848,Kayla Clark,510-12-6884,iedwards@yahoo.com,869985730215763
849,Amy Shepard,340-19-8436,cmoore@hotmail.com,4776935658551206
850,Daniel Gomez,846-52-3444,kellycontreras@yahoo.com,6011312447794168
851,Morgan Cruz,131-07-2342,christophermiller@yahoo.com,349049101448741
852,Cindy Mccann,360-65-5510,frankyates@yahoo.com,4536812179891760
853,Devin Foster,765-52-0977,michelledillon@hotmail.com,6011905502856556
854,Hannah Davis DVM,521-82-5874,alexanderfoster@hotmail.com,6011346428626684
855,Ronnie Martinez,105-51-4128,colsen@gmail.com,4475530179243633
856,Brandy Allen,553-18-1159,morganleslie@yahoo.com,210003823636006
857,Christopher Robles,801-31-1951,andrew04@hotmail.com,6011532033860764
858,Brandon Reid,121-77-6501,tricia42@yahoo.com,4830324279300786
859,Sharon Hunt,505-84-4988,harrismichael@gmail.com,3158108019485767
860,Frank Chambers,877-03-1180,emartin@hotmail.com,3337427030454030
861,John Bruce,511-38-6691,heather40@gmail.com,348112270202934
862,Jessica Peterson,664-59-5709,apeterson@hotmail.com,5391661488990537
863,Cynthia Hunt,048-49-8032,melissaenglish@yahoo.com,4006824819998161
864,Brittany Johnson,566-23-8274,garyjohnson@gmail.com,30542135446636
865,Raymond Russell,614-49-0479,cory20@gmail.com,4850622664039
866,Tristan Dixon,094-65-5214,jilljohnson@gmail.com,30519498856783
867,Michelle Lin,396-30-8192,joyceyoung@hotmail.com,3528294667750505
868,Laura Rose,378-85-9437,kennethsmith@yahoo.com,676149374362
869,Adam Vazquez,408-66-1021,michael96@hotmail.com,869958559562235
870,Adam Miller,438-30-4807,robertcampos@hotmail.com,869961278738508
871,Tracy Phillips,217-29-1019,zrivas@hotmail.com,6011559059599240
872,Jenny Hancock,330-10-6501,dawn50@gmail.com,376384888069147
873,Annette Matthews,554-17-5976,terrencesims@hotmail.com,4093654287979300
874,Ian Parker,636-31-9963,deborah75@hotmail.com,6011894753037993
875,David Long,511-79-1559,cfrazier@yahoo.com,4339882292796310
876,David Lane,513-86-8997,michelegray@yahoo.com,4622333594478
877,Mr. Michael Carter,535-37-5905,brittany56@gmail.com,869967900711623
878,Cody Guerrero,766-71-4158,swright@gmail.com,4444717962213141
879,Ryan Bell,717-52-1459,lnguyen@hotmail.com,180066868785364
880,Jessica Ayala,780-83-0816,vmitchell@hotmail.com,5594374650387236
881,Alexandra Howell,188-81-9738,william51@gmail.com,348225195194299
882,Craig Villarreal,103-56-6267,hsmith@yahoo.com,869976786413097
883,Bill Jordan,372-96-5612,emmamoore@yahoo.com,3088360253734740
884,Kendra Johnson,889-19-2273,hallrobin@gmail.com,4898307138383548
885,Jessica Shea,339-54-2444,elizabethgomez@hotmail.com,869979323934930
886,Dennis Jones,248-70-9010,nlevine@gmail.com,5240226096662838
887,Timothy Boone,188-02-6769,matthew60@hotmail.com,869928263350755
888,Diana Mcconnell,302-06-8333,lindseyobrien@gmail.com,4020965037098813
889,Stephen Gilbert,187-03-0988,edward31@gmail.com,4553645939926601
890,Ronald Trujillo,805-39-3560,tiffany40@yahoo.com,502035274591
891,Tony Reyes,202-73-3818,yoderjohn@hotmail.com,3088038945968732
892,James Rice,818-83-4174,jeanschmitt@yahoo.com,180098603107851
893,Catherine Figueroa,474-13-3400,natalie73@hotmail.com,4437677537856627
894,Julia Daniels,819-86-3503,john53@gmail.com,639018186986
895,Megan Harrison,462-04-9642,kenneth97@gmail.com,180096778048447
896,Nathan Taylor,821-76-8424,weaverchristopher@hotmail.com,373538515607792
897,Chris Pace,871-92-7143,connie40@gmail.com,180039048187371
898,Rebecca Norton,047-90-1268,danhancock@yahoo.com,869970288357746
899,Mary Sandoval,389-62-1552,hestes@yahoo.com,371680344617139
900,Todd Brown,170-22-2271,mauricejennings@yahoo.com,4250491404262289
901,Molly Lester,116-47-1899,lisabutler@gmail.com,869930827692383
902,Brittany Gordon,867-97-2344,christopher13@hotmail.com,589317023481
903,Mary White,618-10-8226,kennedyvalerie@yahoo.com,4997719513638660
904,James Lee,103-14-1054,gravesjoseph@yahoo.com,869959397168029
905,Shawn Miller,752-58-1000,sarajones@gmail.com,561202829736
906,Erin Young,776-25-3670,bryan44@yahoo.com,210063870585548
907,Holly Miller,353-51-8225,sheena68@yahoo.com,4498641266640
908,Allison Lynch,625-30-5983,gwaller@yahoo.com,3337594713858561
909,Christopher Torres,475-66-0511,ibutler@gmail.com,589367178763
910,Jill Olson,487-48-1156,cynthiasoto@hotmail.com,4736026738838430
911,Rachel Robinson,848-63-9924,nortonashley@gmail.com,4800462712695
912,Karen Barnes,804-14-9669,michellenelson@yahoo.com,869950143982623
913,Alex Frazier,485-51-2392,awatson@gmail.com,3112668476720324
914,Aaron Swanson,176-25-6659,brent78@gmail.com,4871233794160676
915,Randy Barnes,212-68-4752,johnsonjenna@gmail.com,4364553227342490
916,Patricia Allen,798-02-2247,gkrause@yahoo.com,5288445737113158
917,Kyle Perez,292-55-7064,briggsandrea@gmail.com,5467160267064035
918,Jill Mcclure,458-21-6921,cody84@gmail.com,589322879083
919,Beth Freeman,588-52-0841,jefferysmith@yahoo.com,501810257607
920,Brian Russo,298-66-7986,christine13@hotmail.com,869983911116389
921,Samuel Rivas,325-28-2871,adamcampbell@hotmail.com,30469930958609
922,Rodney Coleman,482-50-8269,cooperkayla@hotmail.com,30588031806589
923,Charles Trevino,668-49-5554,michelle69@gmail.com,4318338676580
924,Gregory Cantu,446-05-9432,rebecca22@gmail.com,676316438412
925,Monica Lloyd,671-98-1641,richardcalderon@gmail.com,4266719730908
926,Jared Jacobs,037-47-7228,anthonydixon@hotmail.com,3088885435860468
927,David Bryant,245-26-4609,aaronblanchard@hotmail.com,3158523940411254
928,Justin Brown DDS,719-93-0133,william39@hotmail.com,501850820330
929,Colleen Garcia,136-71-2749,troynash@gmail.com,4695773773190
930,Kylie Obrien,036-18-8208,larsenkristin@yahoo.com,30054197408330
931,Thomas Lynch,821-31-5175,ifranco@hotmail.com,342900550185647
932,Julie Brown,274-17-4825,amack@yahoo.com,869942944658510
933,Jonathan Gray,879-68-3192,gonzalezchristian@yahoo.com,5595414191751513
934,William Owen,827-75-5099,shaunprice@yahoo.com,4016698285345
935,Olivia Crosby,224-76-8675,elizabethdouglas@yahoo.com,3096382054964409
936,Rachel Hill,019-42-1216,smartin@yahoo.com,5252839147845635
937,Jason Schultz,208-16-1791,mendozaandrea@yahoo.com,6011763978692033
938,Jared Marquez,009-47-4717,diana17@yahoo.com,180056266100464
939,Richard Harrell,626-96-2855,andersonmelinda@gmail.com,4434866441106160
940,Patrick Scott,454-61-4256,susan21@gmail.com,4469467359121487
941,Karen Webb,443-81-7881,johnsonmonique@yahoo.com,3528569089811179
942,Joyce Hart,695-07-0833,wendyadams@yahoo.com,180029224796053
943,Antonio Sullivan,822-57-5884,bailey48@gmail.com,3088424055385414
944,Laura Jones,115-17-1560,joshuavasquez@hotmail.com,561257030917
945,Denise Beck,514-71-5111,qoneal@hotmail.com,675935864339
946,Steven Dalton,467-84-8113,kwinters@hotmail.com,30237781534070
947,Maxwell Golden,041-24-7134,mitchelljennifer@gmail.com,5253338983307320
948,Mrs. Samantha Cooper,537-41-2134,cjohnson@hotmail.com,4178972131816108
949,Joshua Bryant,790-39-5398,hbarber@gmail.com,4054251928928
950,Kurt Massey,689-22-5573,spencecourtney@gmail.com,4475200004380
951,Andrew Rodriguez,127-44-3183,randallbenitez@yahoo.com,3337990065671190
952,Lisa Clark,559-44-1603,peterlopez@yahoo.com,30518766157171
953,Amanda Rios,074-61-6254,jstone@gmail.com,501828739679
954,Frank Beltran,065-08-3811,kennethcummings@hotmail.com,869902019453031
955,Lisa Chambers,243-30-8403,eharper@hotmail.com,4463947335002
956,Michelle Lloyd,179-88-3397,claytonjoseph@gmail.com,180098267196539
957,Lonnie Roberts,399-31-7030,hfoster@yahoo.com,4403332043842030
958,Michael Wilson,780-27-2130,athompson@yahoo.com,210025246748126
959,Shannon Hart,133-87-6855,nortonshane@hotmail.com,4844474286680995
960,Brian Cox,213-23-5062,egomez@hotmail.com,210072675364983
961,Juan Johnson,318-99-0662,kyoung@hotmail.com,3088376089053022
962,Melissa Garner,186-97-3275,nicholas13@hotmail.com,210054618214970
963,Amber Davis DDS,341-94-5274,manuel04@yahoo.com,3096014603022591
964,Michael Schultz,858-25-4735,florestracy@gmail.com,3088854114812810
965,Alicia Wiggins,605-72-0925,kmurphy@gmail.com,5437471969261259
966,Brittany Richard,361-52-6522,colleen24@gmail.com,5382840736917952
967,Tyler Stevens,701-13-2912,kaitlyn49@yahoo.com,869992846768438
968,Christopher Schwartz,293-36-8943,bruce70@gmail.com,210012043207878
969,Brian Russell,522-95-2443,coxrichard@yahoo.com,6011082851769408
970,Vanessa Hawkins,814-62-6820,heidi67@yahoo.com,3088080709502596
971,Morgan Brown,036-81-4523,jonathanhunt@hotmail.com,6011274167333280
972,Trevor Cortez,720-99-9818,brian32@yahoo.com,5558865735274459
973,Teresa Hill,095-81-7998,dana44@yahoo.com,869975566248236
974,Emily Cline,251-74-1302,fgonzalez@hotmail.com,6011490693074905
975,Christie Gutierrez,144-09-6675,rachelsmith@hotmail.com,4984971025205216
976,Lauren Robinson,381-13-9712,amber79@hotmail.com,4638121054435280
977,Danielle Lopez,058-40-2410,ashley73@gmail.com,6011561329612811
978,Robert Mitchell,491-69-8625,itran@hotmail.com,4271403794541607
979,Matthew Johnson,823-11-5715,jjohnson@hotmail.com,5331452002273003
980,Christopher Taylor,583-71-3593,hhall@yahoo.com,869998801831103
981,Christopher Holland,677-51-8535,manuelstanton@hotmail.com,4914133203294620
982,Danielle Gordon,068-30-0066,holdertanya@yahoo.com,869975489194376
983,Adam Cruz,420-31-0795,ashleywilliams@gmail.com,379682092775228
984,Steven Beltran,868-54-1741,bradley08@hotmail.com,3337430582455371
985,Nicholas Walton,055-38-2564,eddie28@hotmail.com,869981956843651
986,Jamie Crawford,435-88-7983,richardwalters@yahoo.com,30116761816311
987,Melissa Russell,463-89-8556,maria56@gmail.com,4880995536062076
988,Jackie Andrews,446-77-4945,miguelarmstrong@hotmail.com,4610464798185460
989,Sandra Davila,037-44-0739,kellercaitlin@hotmail.com,180097518045123
990,Shawn Clayton MD,596-40-3963,stephen44@yahoo.com,6011992879867994
991,Jacob Vaughn,010-10-4550,richardspencer@yahoo.com,4857047276000
992,Haley Johnson,691-53-4855,swatts@gmail.com,4143814677674
993,Joshua Taylor,163-14-8717,bradley50@gmail.com,3337390143114257
994,Ronald Moreno,861-06-6573,ricardo63@yahoo.com,5485685783247977
995,Jill Morgan,683-72-3802,paulataylor@yahoo.com,4990078065230
996,Jennifer Friedman,704-65-6368,potterryan@gmail.com,4532470771988429
997,Robert Fields,488-66-4235,felicia10@gmail.com,869939131347188
998,Kathleen Quinn,778-77-3234,beanpaula@hotmail.com,3337704742614121
999,Marvin Lopez,104-76-9166,david29@hotmail.com,6011516184340601
1000,Cody Anderson,255-51-1492,davidburke@hotmail.com,210009418199912
