show_id,show_name
1,Christopherborough
2,Richardshire
3,Davidburgh
4,Hartland
5,Thompsonstad
6,Kimberlyfort
7,Davistown
8,Jasonfurt
9,Port Jorgemouth
10,Liumouth
11,Michaelbury
12,North Damonland
13,Raymondview
14,Moodyton
15,East Josephside
16,Harrellshire
17,Hortonstad
18,Lake Emilyside
19,Lake Valerie
20,Chenburgh
21,New Amyfort
22,Martinezborough
23,South Stephanie
24,Port Carrie
25,Gonzalezchester
26,Solisland
27,New Philip
28,North Ruth
29,East Richard
30,Jamesborough
31,Christinaview
32,Hensonport
33,Nelsonside
34,Sarahstad
35,Veronicaton
36,North Michaelhaven
37,Valdezland
38,Danielmouth
39,Dixonmouth
40,Matthewchester
41,Paulport
42,North Nancyport
43,Mackville
44,Batesburgh
45,Palmerville
46,Jameston
47,West Jeremyland
48,West Cheryl
49,East Jessica
50,Torresfort
51,Kirbymouth
52,Hebertborough
53,Floresview
54,North Heather
55,Port Phyllis
56,New Kaitlynton
57,Lake Colleenberg
58,New Michelleberg
59,Zacharyport
60,Tonifort
61,Buchananchester
62,Greeneville
63,Lake Ricky
64,Johnsonland
65,West Samuel
66,Lake Garyhaven
67,East Deanna
68,South Richardhaven
69,New Michaelbury
70,South Michaeltown
71,North Anthony
72,Thorntonborough
73,East Stephanie
74,New Emilyburgh
75,West Kenneth
76,Port Alexander
77,New Michellehaven
78,New Johnburgh
79,Whiteshire
80,Simmonsport
81,Wallton
82,Lake Suzanneshire
83,Port Robertland
84,Briantown
85,South Brittany
86,South Kiaraport
87,Nicholastown
88,Saraburgh
89,West Amberville
90,Ericport
91,Brooksstad
92,Evansland
93,West Sabrinafurt
94,Port Samantha
95,Port Ericburgh
96,South Brandon
97,Traceytown
98,South Nancy
99,East Jennifer
100,South Deborahport
101,Michaelland
102,Port Kylebury
103,Wareport
104,Port Jeremyview
105,Coxmouth
106,New Jamiemouth
107,Trujillostad
108,West Wendy
109,Camposshire
110,Lucasmouth
111,Jesuschester
112,Russellmouth
113,Smithmouth
114,Port Mariahville
115,Angiehaven
116,Lake Rachelstad
117,Nicholasmouth
118,Isaacshire
119,South Annabury
120,Princemouth
121,East Melissa
122,Rodriguezborough
123,Lake Michael
124,Keytown
125,Lake Carlos
126,Rowebury
127,Powellborough
128,Khanfort
129,Kathyfurt
130,Lake Lauren
131,East Thomasberg
132,Morganbury
133,Lake Jeremyville
134,Port Brian
135,East Jimmy
136,North Robertton
137,Powellton
138,Floresmouth
139,North Bethanyland
140,Johnathanport
141,Krystalfurt
142,West Oliviastad
143,South Rachelview
144,East Brian
145,Lake Michael
146,Lake Matthew
147,Port Lindseyland
148,Wrighttown
149,Marshallside
150,Jonathanville
151,East Gary
152,Pamelaville
153,West Kristine
154,North Stephanieside
155,South Donaldland
156,Christyburgh
157,Ortegamouth
158,Padillashire
159,West Sean
160,Lopezview
161,Crystalborough
162,West Mark
163,Lawrencehaven
164,Jamieside
165,Wadeside
166,Kimberlyland
167,Nicholasmouth
168,Randallport
169,Port Dustin
170,North Tiffany
171,Port Andreatown
172,Lake Kara
173,Alexandrachester
174,New Davidberg
175,West Angelborough
176,East Lindahaven
177,Lindaborough
178,North Jesse
179,East Carolyn
180,Derekfurt
181,South Natalie
182,Zacharyfort
183,Port Colleen
184,Riverabury
185,Jonathanstad
186,West Danielmouth
187,Karentown
188,Melissamouth
189,West Casey
190,Torresfort
191,Alvaradochester
192,Port Charlotte
193,Lake Dylanbury
194,Port Ellenshire
195,Port Johnny
196,North Jennifer
197,South Jonathanmouth
198,East Alexandria
199,Natashaton
200,South Staceyshire
201,Acevedofort
202,Contrerasborough
203,Lake Stevenhaven
204,Stewartside
205,West Antonioland
206,Erinland
207,Candicechester
208,North David
209,West Anthonyport
210,Wesleyton
211,North Steven
212,Amymouth
213,Lake Kevinfort
214,Michaelmouth
215,Wardstad
216,East Jefferyburgh
217,Smithfurt
218,Kleinside
219,Wilsonside
220,Lake Eileenmouth
221,North George
222,Alisonbury
223,Turnermouth
224,West Jonathanhaven
225,East Karahaven
226,West Carolstad
227,Ashleyville
228,Thomasland
229,Lake Ronald
230,Michaelmouth
231,East Melanieberg
232,Robertsburgh
233,Hurstburgh
234,Port Nicholas
235,North Jesse
236,Olsonmouth
237,New Mariebury
238,Floresland
239,Anthonyland
240,Larsonburgh
241,New Meghanshire
242,New Luis
243,Richardport
244,Port Richard
245,Jamesberg
246,North Stacymouth
247,East Katherinemouth
248,Lake Melvin
249,South Johnmouth
250,New Tylerport
251,Brownfurt
252,Lake John
253,East Amy
254,East Tony
255,West Anthony
256,Seanmouth
257,North Vanessa
258,Lake Rhonda
259,Christophermouth
260,Port Jason
261,New Jakechester
262,Charlesfurt
263,Pittsmouth
264,New Rebecca
265,Baxtertown
266,East Zacharymouth
267,New Alexandrastad
268,New Alison
269,Lake Megan
270,Thomasfurt
271,Susanton
272,Port Lisaview
273,Oscarmouth
274,Lake Diane
275,West Pamela
276,Laurenborough
277,New Jonathanview
278,Jasonmouth
279,West Annaborough
280,South Samanthashire
281,Figueroashire
282,East Cynthia
283,Lake Amanda
284,Lake Danielshire
285,North Ryanton
286,North Rogershire
287,Port Jessica
288,East Patricia
289,Adamburgh
290,Lake Terrencemouth
291,Larryhaven
292,New Kennethtown
293,Danielton
294,North James
295,Patrickfurt
296,Jessicafort
297,Lake Autumnfort
298,New Jennifermouth
299,East Heidifurt
300,West Nicoleshire
301,Jamesberg
302,Port Glenn
303,East Seth
304,Danielleborough
305,East Jamestown
306,East Allisontown
307,North Rebecca
308,East Jessica
309,Mitchellchester
310,Cisnerosmouth
311,South Julie
312,Lake Sharonton
313,Josephmouth
314,Wongfort
315,Paulashire
316,Chenburgh
317,Emilyview
318,Port Jenniferton
319,Jaredport
320,Ginaville
321,South Jesseside
322,Port Nathan
323,Annaside
324,Deborahhaven
325,Joneschester
326,South Jake
327,Rowehaven
328,Katrinaside
329,Sanchezburgh
330,New Mary
331,Kristenborough
332,North Stephanieberg
333,Gloriaville
334,Thomasmouth
335,Stevenberg
336,North Scottfurt
337,North Mercedes
338,Bennettland
339,Boydton
340,Mccartyburgh
341,Pamport
342,West Tyler
343,Krystalfurt
344,Port Joseph
345,South Ann
346,Stephentown
347,Davisview
348,Simmonsfurt
349,Bartonport
350,Middletonland
351,Roweberg
352,Jasonmouth
353,Lake Cindy
354,Rodriguezburgh
355,South Rachel
356,Lake Danamouth
357,New Jonathan
358,Patrickmouth
359,Alisonville
360,Jacobchester
361,Sampsonfort
362,West Brianna
363,East Jacobfort
364,Lake Jodi
365,Rivaschester
366,Deniseside
367,Meganborough
368,Huntstad
369,Port Jessica
370,Andersonburgh
371,West Josemouth
372,Russellstad
373,West Eric
374,New Samuel
375,North Robertberg
376,Smithville
377,Andreamouth
378,Kendraside
379,South Brenda
380,Lake Steven
381,Mackville
382,East Davidland
383,Port Dontown
384,Kristenfurt
385,Spencerberg
386,Haleyhaven
387,North Steven
388,Murillochester
389,Smithfort
390,Port Markborough
391,Vegahaven
392,Port Jonathanstad
393,Kerryfort
394,Lake Stephen
395,East Laurafurt
396,Riceport
397,North Amanda
398,Jamesside
399,New Heatherborough
400,Port Sean
401,West Zacharyview
402,Port Timothyborough
403,Lake Maryshire
404,Wolfhaven
405,Port Rogershire
406,Johnstad
407,North Ashleyview
408,North Andrew
409,Virginiaberg
410,Ryanmouth
411,Troyland
412,West Lauren
413,West Brandonbury
414,Sullivanchester
415,East Mandy
416,Watsonstad
417,Port Anthonyfurt
418,Hillborough
419,New Melissa
420,Eugeneton
421,Ramirezview
422,Lake Louiston
423,North Kelly
424,Heatherside
425,Andradetown
426,North Saraberg
427,Masonchester
428,Gentrybury
429,Knightborough
430,Robertochester
431,New Jacobside
432,East Kennethbury
433,West Jesse
434,South Alison
435,Karaberg
436,North Anthonybury
437,West Isaac
438,Payneport
439,Curtisview
440,Port Christopher
441,Alejandrafort
442,Vincentton
443,Paulhaven
444,Randolphshire
445,Port Laurafurt
446,Lake Aliciachester
447,Port Johnathan
448,East Stephanie
449,North Rachelbury
450,North Phillip
451,West Philip
452,Whitefurt
453,Lake Samuel
454,North Brittany
455,Lake Brad
456,North Zachary
457,Jamesland
458,Lake Jerryside
459,Lake Reneeburgh
460,Sanderstown
461,South Karen
462,Richardtown
463,Tiffanychester
464,South Linda
465,West Christine
466,West Robin
467,Donnafort
468,Rebeccaview
469,Murphyview
470,Loweton
471,Debrahaven
472,West Jenniferburgh
473,New Christine
474,Monroefurt
475,Melaniehaven
476,Leahfurt
477,South Christopher
478,Graveston
479,Stevenburgh
480,South Larryton
481,Normaborough
482,Port Brian
483,Markburgh
484,New Loriton
485,Brendatown
486,South Matthewland
487,East Stephaniefort
488,Kimberlybury
489,East James
490,Grahamland
491,Lake Ryan
492,Charlesstad
493,Danielsfort
494,Angelicastad
495,Millerville
496,East Brandonbury
497,South James
498,New Jason
499,Luisview
500,Evansport
501,Barnettshire
502,Lake Michaelmouth
503,North Karen
504,West Hollytown
505,Lisaport
506,Lake Susan
507,Marystad
508,New Andrealand
509,Ramirezborough
510,Riceside
511,Garciatown
512,Karentown
513,Port Kyle
514,Freymouth
515,Gibsonfurt
516,Simontown
517,Pamelaton
518,Kimberlyport
519,Sarahview
520,Derrickton
521,West Austintown
522,Jessicaside
523,East Mariah
524,Kimberlyside
525,Port Philipville
526,Harrismouth
527,Kurtport
528,Travisburgh
529,Marshallland
530,Patriciatown
531,Shaneburgh
532,Joelside
533,Sweeneyview
534,Saramouth
535,Laneside
536,East Miranda
537,Port Jessica
538,East Carolyn
539,New Randyside
540,Donnastad
541,Lake Stacyton
542,Jordanport
543,East Karenshire
544,North Jessicastad
545,Danielborough
546,Kimberlyville
547,Lake Arthur
548,Vegaburgh
549,Craighaven
550,Perkinschester
551,Davishaven
552,Williamschester
553,New Nicolas
554,Katherineland
555,Keithstad
556,Edwardton
557,New Heatherhaven
558,Williamsside
559,Lake Eric
560,Lake Maria
561,New Davidburgh
562,South Jenny
563,Davidberg
564,Nathanfurt
565,Henryville
566,Jonesville
567,Millermouth
568,Michellechester
569,Port Elizabethport
570,Powellburgh
571,New Cody
572,Vincentchester
573,Port Ashleyberg
574,New Johnhaven
575,Port Jaclynburgh
576,Richardsonton
577,Ethanburgh
578,Jasonstad
579,North Marcus
580,South Joshua
581,Watsonfort
582,West Matthew
583,Port Cameronmouth
584,Haileybury
585,Diazside
586,East Anthony
587,East Lauramouth
588,East Jennifer
589,Wendymouth
590,East Aliciaport
591,New Ginastad
592,West Michael
593,Tylerville
594,Jonathanborough
595,Port Karenborough
596,Rodneyville
597,Samanthahaven
598,West Timothy
599,Williamsmouth
600,Tamaraton
601,Millerstad
602,West Antonio
603,New Ericashire
604,North Priscilla
605,East Meganview
606,Lake Shawntown
607,New Amy
608,Ryanhaven
609,Port Staceyville
610,Davisburgh
611,East Brandyside
612,West Hannah
613,Charlesborough
614,Calderonborough
615,Lake Melissa
616,Patriciamouth
617,North Sharonberg
618,Carterbury
619,New Aaronview
620,East Michael
621,Romeroshire
622,Jessicaland
623,Lake Nicolechester
624,Melissamouth
625,Matthewfurt
626,Port Johnview
627,South Richardhaven
628,Sanchezburgh
629,Port Patricia
630,Jocelynport
631,Kathleenfurt
632,West Suzannestad
633,Lake Bradleystad
634,Leeside
635,West Alan
636,North Denisefort
637,Nicoleberg
638,South Katherineton
639,Medinaville
640,Rojasland
641,West Julianbury
642,South Kaitlyn
643,Joechester
644,Port Morgan
645,West Christy
646,North Toni
647,Andreashire
648,Saraborough
649,Mooreside
650,Lake Teresa
651,East Nicholeside
652,Mccarthystad
653,Brennanborough
654,Stevenchester
655,South Sarahmouth
656,East Shawn
657,West Kenneth
658,Lake Edward
659,Harringtonmouth
660,Port Brandy
661,Foxstad
662,South Matthewfurt
663,East Anthonychester
664,Kelseyton
665,West Chadbury
666,South Karen
667,South Christopher
668,New Loriland
669,Rodriguezshire
670,Rebeccachester
671,Stewartview
672,Barbaramouth
673,New Matthew
674,South Cristina
675,Benjaminfurt
676,Bartlettbury
677,New Paul
678,South Wandamouth
679,New Christinemouth
680,New Stephen
681,Sampsonfort
682,South Matthew
683,Christinahaven
684,South Douglas
685,Lake Barbaraburgh
686,Kimport
687,Flemingside
688,North Terri
689,Lake Joshua
690,South Vanessa
691,East Christopherview
692,Taylormouth
693,Alexandermouth
694,Baldwinhaven
695,Port Jody
696,Port Jill
697,Lake Kennethside
698,Bradleymouth
699,Michaelstad
700,Port Sierra
701,Hillchester
702,Martinezstad
703,West Katelynmouth
704,Daniellemouth
705,New Amy
706,West Jeffrey
707,Torresstad
708,Juanport
709,North Benjaminview
710,Hutchinsonfurt
711,Heidifort
712,Williamsbury
713,New Wendytown
714,Dodsonshire
715,Lake Joseport
716,Stanleyberg
717,Bradleyport
718,Melindatown
719,North Joanna
720,South Richard
721,Lake Johnstad
722,Port Whitneyside
723,Lisafurt
724,Port Karen
725,North Brianville
726,North Karen
727,Jacksonport
728,Mendozaville
729,New Lauren
730,South Maryville
731,Whiteberg
732,South Kyle
733,Kristinaview
734,Lake Courtney
735,East Stephanieview
736,Coryfurt
737,Gillton
738,East Josephberg
739,Lake Teresa
740,Christineton
741,Gonzalezburgh
742,Donnaborough
743,Davismouth
744,Lake Nathanport
745,Port Robert
746,Kimberlyside
747,Port Kathleenstad
748,Ramosport
749,New Gregg
750,Charlesmouth
751,Smithberg
752,Parrishland
753,North Samanthahaven
754,Snowshire
755,Fosterport
756,West Bradleystad
757,Douglasmouth
758,Mcdonaldmouth
759,Garciahaven
760,Lake Darlene
761,Johnsonhaven
762,West Marcusville
763,Ginafort
764,North Robert
765,West Madison
766,Brownburgh
767,Rogershaven
768,Port Joshua
769,Port Richard
770,Sarahbury
771,Maciasfort
772,Jenniferview
773,Hensonfort
774,East Michael
775,Anthonyfurt
776,Heathershire
777,Wardbury
778,Brendaborough
779,South Jonathan
780,Jasontown
781,North Lynnchester
782,Deborahshire
783,New Kristina
784,Port Kyleland
785,Port Jeffery
786,Dicksonborough
787,South Jennachester
788,South Susanville
789,Charlesside
790,West Eric
791,Port Johnbury
792,North Amy
793,East Rachel
794,Barajasport
795,North Jerrymouth
796,West Sandraberg
797,West Sean
798,Gardnertown
799,Mitchellburgh
800,Port Melissaland
801,East Laurenton
802,Welchport
803,Brownchester
804,Brianborough
805,Laurahaven
806,Colonshire
807,Lake Kimberly
808,Richmondport
809,East Darleneburgh
810,Kellyville
811,Mackside
812,Charlesview
813,Tabithaland
814,North Lisa
815,South Rebeccafurt
816,New Jonathonburgh
817,West Adrian
818,Kayleeburgh
819,North Brendanton
820,Markfort
821,Port Justin
822,Billymouth
823,Lake Christopher
824,Stephenborough
825,Aliport
826,New Sarachester
827,Port Tamara
828,Michellemouth
829,South Michele
830,Nelsonhaven
831,Lake Randy
832,New Jodimouth
833,Amyfurt
834,West Nicolestad
835,Caseyton
836,North Brandonland
837,Patelburgh
838,Michaelmouth
839,South Leroystad
840,Bakerborough
841,North Malik
842,Crossburgh
843,Port Deniseton
844,North Jessicaland
845,East William
846,Osbornefort
847,Hannahborough
848,East Erinstad
849,New Misty
850,Diazbury
851,North Leslieshire
852,North Barbara
853,South Latasha
854,East Catherineton
855,New Justinland
856,Carolynstad
857,Lake Roy
858,Woodfort
859,Jenniferside
860,Solischester
861,West Frederick
862,Austintown
863,South Pamelafort
864,South David
865,Port Robert
866,Robertmouth
867,Lanetown
868,Shelbyborough
869,North Tamara
870,Leebury
871,New Aaron
872,Tommymouth
873,Kristinfurt
874,East Sydneyshire
875,North Ericmouth
876,Nancyport
877,Rodriguezland
878,South Kimberlyport
879,East Donnaville
880,New Chadshire
881,Brownton
882,Port Elizabethborough
883,Randyberg
884,Campbellburgh
885,Hollyport
886,South Catherineshire
887,Daniellebury
888,Timothyburgh
889,West Kenneth
890,South Joshua
891,Christopherberg
892,Ginaview
893,North Steven
894,Smithland
895,New Michelle
896,West Cristinaburgh
897,Bowmanville
898,Smithhaven
899,Bellport
900,Lake Robertport
901,Andersontown
902,Lake Diana
903,Mooreport
904,Bonnieburgh
905,Amyhaven
906,Campbellland
907,Garciamouth
908,Danachester
909,South Jasonland
910,North Williamton
911,Campbellbury
912,Murillofurt
913,Port Brianshire
914,Evansberg
915,Tuckerbury
916,New Bradleyburgh
917,New Thomasmouth
918,Jessestad
919,Marquezview
920,Anitahaven
921,Latoyabury
922,Port Lisaland
923,Taylorfurt
924,Debraton
925,Howardport
926,Danieltown
927,Lake Jenniferside
928,North Jasonville
929,North Lisa
930,New Brenda
931,Port David
932,East Wayne
933,South Brian
934,Barkerview
935,Raymondside
936,New Daniel
937,Solisborough
938,Cruzchester
939,Loweryshire
940,West Geraldville
941,Sherriborough
942,West Jodifurt
943,Clarkeshire
944,Smithburgh
945,Cainport
946,Richardtown
947,Lake Daniel
948,Masonton
949,East David
950,Chaneybury
951,Hestershire
952,East Stacey
953,Port Markfort
954,Maryton
955,Michaelburgh
956,Millermouth
957,Brownport
958,West Jeffreyland
959,South Elizabethmouth
960,Alexandrahaven
961,Aprilland
962,New Jonathan
963,Port Tami
964,West Christopher
965,Hillberg
966,Lake Joshuaview
967,Marilynfort
968,South Marcuschester
969,Josephland
970,South Mary
971,Villaberg
972,Howardland
973,East Brandy
974,Lake Curtis
975,Browningstad
976,Carlosside
977,Johnton
978,New Hunter
979,New Miguel
980,Port Guyshire
981,West David
982,Port Kellyfort
983,Lake Nicholasmouth
984,Patriciaside
985,East Stephenfurt
986,South Jennifer
987,Jacquelinemouth
988,East Matthew
989,Lake Elizabeth
990,East Richardmouth
991,East Jamestown
992,Hendersonstad
993,Murrayberg
994,Kennedyburgh
995,Port Davidville
996,Port Larry
997,Lewisland
998,Pamelastad
999,Marissaton
1000,Lynnside
